,year,month,week,country,product,store,num_sold
5,2015,1,1,Finland,Kaggle Sticker,KaggleRama,1570
95,2015,2,1,Finland,Kaggle Sticker,KaggleRama,1069
167,2015,3,1,Finland,Kaggle Sticker,KaggleRama,1076
257,2015,4,1,Finland,Kaggle Sticker,KaggleRama,1189
347,2015,5,1,Finland,Kaggle Sticker,KaggleRama,1183
437,2015,6,1,Finland,Kaggle Sticker,KaggleRama,1123
527,2015,7,1,Finland,Kaggle Sticker,KaggleRama,1105
617,2015,8,1,Finland,Kaggle Sticker,KaggleRama,1093
707,2015,9,1,Finland,Kaggle Sticker,KaggleRama,1058
797,2015,10,1,Finland,Kaggle Sticker,KaggleRama,1117
887,2015,11,1,Finland,Kaggle Sticker,KaggleRama,1170
977,2015,12,1,Finland,Kaggle Sticker,KaggleRama,1090
1067,2016,1,1,Finland,Kaggle Sticker,KaggleRama,1488
1157,2016,2,1,Finland,Kaggle Sticker,KaggleRama,1110
1247,2016,3,1,Finland,Kaggle Sticker,KaggleRama,1154
1337,2016,4,1,Finland,Kaggle Sticker,KaggleRama,1329
1427,2016,5,1,Finland,Kaggle Sticker,KaggleRama,1259
1517,2016,6,1,Finland,Kaggle Sticker,KaggleRama,1150
1607,2016,7,1,Finland,Kaggle Sticker,KaggleRama,1171
1697,2016,8,1,Finland,Kaggle Sticker,KaggleRama,1107
1787,2016,9,1,Finland,Kaggle Sticker,KaggleRama,1158
1877,2016,10,1,Finland,Kaggle Sticker,KaggleRama,1151
1967,2016,11,1,Finland,Kaggle Sticker,KaggleRama,1152
2057,2016,12,1,Finland,Kaggle Sticker,KaggleRama,1201
2147,2017,1,1,Finland,Kaggle Sticker,KaggleRama,1580
2237,2017,2,1,Finland,Kaggle Sticker,KaggleRama,1232
2309,2017,3,1,Finland,Kaggle Sticker,KaggleRama,1248
2399,2017,4,1,Finland,Kaggle Sticker,KaggleRama,1202
2489,2017,5,1,Finland,Kaggle Sticker,KaggleRama,1369
2579,2017,6,1,Finland,Kaggle Sticker,KaggleRama,1304
2669,2017,7,1,Finland,Kaggle Sticker,KaggleRama,1269
2759,2017,8,1,Finland,Kaggle Sticker,KaggleRama,1235
2849,2017,9,1,Finland,Kaggle Sticker,KaggleRama,1262
2939,2017,10,1,Finland,Kaggle Sticker,KaggleRama,1227
3029,2017,11,1,Finland,Kaggle Sticker,KaggleRama,1355
3119,2017,12,1,Finland,Kaggle Sticker,KaggleRama,1278
3209,2018,1,1,Finland,Kaggle Sticker,KaggleRama,1714
3299,2018,2,1,Finland,Kaggle Sticker,KaggleRama,1294
3371,2018,3,1,Finland,Kaggle Sticker,KaggleRama,1349
3461,2018,4,1,Finland,Kaggle Sticker,KaggleRama,1703
3551,2018,5,1,Finland,Kaggle Sticker,KaggleRama,1461
3641,2018,6,1,Finland,Kaggle Sticker,KaggleRama,1353
3731,2018,7,1,Finland,Kaggle Sticker,KaggleRama,1365
3821,2018,8,1,Finland,Kaggle Sticker,KaggleRama,1381
3911,2018,9,1,Finland,Kaggle Sticker,KaggleRama,1363
4001,2018,10,1,Finland,Kaggle Sticker,KaggleRama,1330
4091,2018,11,1,Finland,Kaggle Sticker,KaggleRama,1432
4181,2018,12,1,Finland,Kaggle Sticker,KaggleRama,1341
