,year,month,week,country,product,store,num_sold
20,2015,1,2,Finland,Kaggle Mug,KaggleMart,1509
110,2015,2,2,Finland,Kaggle Mug,KaggleMart,1404
182,2015,3,2,Finland,Kaggle Mug,KaggleMart,1338
272,2015,4,2,Finland,Kaggle Mug,KaggleMart,1533
362,2015,5,2,Finland,Kaggle Mug,KaggleMart,1153
452,2015,6,2,Finland,Kaggle Mug,KaggleMart,1096
542,2015,7,2,Finland,Kaggle Mug,KaggleMart,1101
632,2015,8,2,Finland,Kaggle Mug,KaggleMart,1091
722,2015,9,2,Finland,Kaggle Mug,KaggleMart,1166
812,2015,10,2,Finland,Kaggle Mug,KaggleMart,1284
902,2015,11,2,Finland,Kaggle Mug,KaggleMart,1328
992,2015,12,2,Finland,Kaggle Mug,KaggleMart,1529
1082,2016,1,2,Finland,Kaggle Mug,KaggleMart,1703
1172,2016,2,2,Finland,Kaggle Mug,KaggleMart,1416
1262,2016,3,2,Finland,Kaggle Mug,KaggleMart,1302
1352,2016,4,2,Finland,Kaggle Mug,KaggleMart,1248
1442,2016,5,2,Finland,Kaggle Mug,KaggleMart,1285
1532,2016,6,2,Finland,Kaggle Mug,KaggleMart,1079
1622,2016,7,2,Finland,Kaggle Mug,KaggleMart,1070
1712,2016,8,2,Finland,Kaggle Mug,KaggleMart,1169
1802,2016,9,2,Finland,Kaggle Mug,KaggleMart,1224
1892,2016,10,2,Finland,Kaggle Mug,KaggleMart,1363
1982,2016,11,2,Finland,Kaggle Mug,KaggleMart,1533
2072,2016,12,2,Finland,Kaggle Mug,KaggleMart,1699
2162,2017,1,2,Finland,Kaggle Mug,KaggleMart,1777
2252,2017,2,2,Finland,Kaggle Mug,KaggleMart,1513
2324,2017,3,2,Finland,Kaggle Mug,KaggleMart,1424
2414,2017,4,2,Finland,Kaggle Mug,KaggleMart,1358
2504,2017,5,2,Finland,Kaggle Mug,KaggleMart,1291
2594,2017,6,2,Finland,Kaggle Mug,KaggleMart,1321
2684,2017,7,2,Finland,Kaggle Mug,KaggleMart,1205
2774,2017,8,2,Finland,Kaggle Mug,KaggleMart,1269
2864,2017,9,2,Finland,Kaggle Mug,KaggleMart,1324
2954,2017,10,2,Finland,Kaggle Mug,KaggleMart,1462
3044,2017,11,2,Finland,Kaggle Mug,KaggleMart,1701
3134,2017,12,2,Finland,Kaggle Mug,KaggleMart,1851
3224,2018,1,2,Finland,Kaggle Mug,KaggleMart,1968
3314,2018,2,2,Finland,Kaggle Mug,KaggleMart,1673
3386,2018,3,2,Finland,Kaggle Mug,KaggleMart,1536
3476,2018,4,2,Finland,Kaggle Mug,KaggleMart,1582
3566,2018,5,2,Finland,Kaggle Mug,KaggleMart,1496
3656,2018,6,2,Finland,Kaggle Mug,KaggleMart,1323
3746,2018,7,2,Finland,Kaggle Mug,KaggleMart,1330
3836,2018,8,2,Finland,Kaggle Mug,KaggleMart,1355
3926,2018,9,2,Finland,Kaggle Mug,KaggleMart,1426
4016,2018,10,2,Finland,Kaggle Mug,KaggleMart,1583
4106,2018,11,2,Finland,Kaggle Mug,KaggleMart,1763
4196,2018,12,2,Finland,Kaggle Mug,KaggleMart,1878
