,year,month,week,country,product,store,num_sold
44,2015,1,3,Norway,Kaggle Mug,KaggleMart,2420
134,2015,2,3,Norway,Kaggle Mug,KaggleMart,2393
206,2015,3,3,Norway,Kaggle Mug,KaggleMart,2304
296,2015,4,3,Norway,Kaggle Mug,KaggleMart,2125
386,2015,5,3,Norway,Kaggle Mug,KaggleMart,2239
476,2015,6,3,Norway,Kaggle Mug,KaggleMart,1840
566,2015,7,3,Norway,Kaggle Mug,KaggleMart,1852
656,2015,8,3,Norway,Kaggle Mug,KaggleMart,1918
746,2015,9,3,Norway,Kaggle Mug,KaggleMart,2127
836,2015,10,3,Norway,Kaggle Mug,KaggleMart,2186
926,2015,11,3,Norway,Kaggle Mug,KaggleMart,2332
1016,2015,12,3,Norway,Kaggle Mug,KaggleMart,2487
1106,2016,1,3,Norway,Kaggle Mug,KaggleMart,2346
1196,2016,2,3,Norway,Kaggle Mug,KaggleMart,2227
1286,2016,3,3,Norway,Kaggle Mug,KaggleMart,2090
1376,2016,4,3,Norway,Kaggle Mug,KaggleMart,1983
1466,2016,5,3,Norway,Kaggle Mug,KaggleMart,2227
1556,2016,6,3,Norway,Kaggle Mug,KaggleMart,1749
1646,2016,7,3,Norway,Kaggle Mug,KaggleMart,1708
1736,2016,8,3,Norway,Kaggle Mug,KaggleMart,1856
1826,2016,9,3,Norway,Kaggle Mug,KaggleMart,1909
1916,2016,10,3,Norway,Kaggle Mug,KaggleMart,2184
2006,2016,11,3,Norway,Kaggle Mug,KaggleMart,2368
2096,2016,12,3,Norway,Kaggle Mug,KaggleMart,2350
2186,2017,1,3,Norway,Kaggle Mug,KaggleMart,2480
2276,2017,2,3,Norway,Kaggle Mug,KaggleMart,2478
2348,2017,3,3,Norway,Kaggle Mug,KaggleMart,2211
2438,2017,4,3,Norway,Kaggle Mug,KaggleMart,2908
2528,2017,5,3,Norway,Kaggle Mug,KaggleMart,2136
2618,2017,6,3,Norway,Kaggle Mug,KaggleMart,1859
2708,2017,7,3,Norway,Kaggle Mug,KaggleMart,1988
2798,2017,8,3,Norway,Kaggle Mug,KaggleMart,2068
2888,2017,9,3,Norway,Kaggle Mug,KaggleMart,2276
2978,2017,10,3,Norway,Kaggle Mug,KaggleMart,2352
3068,2017,11,3,Norway,Kaggle Mug,KaggleMart,2712
3158,2017,12,3,Norway,Kaggle Mug,KaggleMart,2667
3248,2018,1,3,Norway,Kaggle Mug,KaggleMart,2844
3338,2018,2,3,Norway,Kaggle Mug,KaggleMart,2718
3410,2018,3,3,Norway,Kaggle Mug,KaggleMart,2563
3500,2018,4,3,Norway,Kaggle Mug,KaggleMart,2513
3590,2018,5,3,Norway,Kaggle Mug,KaggleMart,2487
3680,2018,6,3,Norway,Kaggle Mug,KaggleMart,2137
3770,2018,7,3,Norway,Kaggle Mug,KaggleMart,2100
3860,2018,8,3,Norway,Kaggle Mug,KaggleMart,2278
3950,2018,9,3,Norway,Kaggle Mug,KaggleMart,2505
4040,2018,10,3,Norway,Kaggle Mug,KaggleMart,2645
4130,2018,11,3,Norway,Kaggle Mug,KaggleMart,2770
4220,2018,12,3,Norway,Kaggle Mug,KaggleMart,2907
