,year,month,week,country,product,store,num_sold
53,2015,1,3,Sweden,Kaggle Sticker,KaggleRama,1219
143,2015,2,3,Sweden,Kaggle Sticker,KaggleRama,1364
215,2015,3,3,Sweden,Kaggle Sticker,KaggleRama,1319
305,2015,4,3,Sweden,Kaggle Sticker,KaggleRama,1323
395,2015,5,3,Sweden,Kaggle Sticker,KaggleRama,1427
485,2015,6,3,Sweden,Kaggle Sticker,KaggleRama,1358
575,2015,7,3,Sweden,Kaggle Sticker,KaggleRama,1378
665,2015,8,3,Sweden,Kaggle Sticker,KaggleRama,1292
755,2015,9,3,Sweden,Kaggle Sticker,KaggleRama,1306
845,2015,10,3,Sweden,Kaggle Sticker,KaggleRama,1295
935,2015,11,3,Sweden,Kaggle Sticker,KaggleRama,1331
1025,2015,12,3,Sweden,Kaggle Sticker,KaggleRama,1303
1115,2016,1,3,Sweden,Kaggle Sticker,KaggleRama,1353
1205,2016,2,3,Sweden,Kaggle Sticker,KaggleRama,1339
1295,2016,3,3,Sweden,Kaggle Sticker,KaggleRama,1312
1385,2016,4,3,Sweden,Kaggle Sticker,KaggleRama,1296
1475,2016,5,3,Sweden,Kaggle Sticker,KaggleRama,1392
1565,2016,6,3,Sweden,Kaggle Sticker,KaggleRama,1311
1655,2016,7,3,Sweden,Kaggle Sticker,KaggleRama,1331
1745,2016,8,3,Sweden,Kaggle Sticker,KaggleRama,1323
1835,2016,9,3,Sweden,Kaggle Sticker,KaggleRama,1373
1925,2016,10,3,Sweden,Kaggle Sticker,KaggleRama,1349
2015,2016,11,3,Sweden,Kaggle Sticker,KaggleRama,1385
2105,2016,12,3,Sweden,Kaggle Sticker,KaggleRama,1348
2195,2017,1,3,Sweden,Kaggle Sticker,KaggleRama,1413
2285,2017,2,3,Sweden,Kaggle Sticker,KaggleRama,1432
2357,2017,3,3,Sweden,Kaggle Sticker,KaggleRama,1420
2447,2017,4,3,Sweden,Kaggle Sticker,KaggleRama,1774
2537,2017,5,3,Sweden,Kaggle Sticker,KaggleRama,1404
2627,2017,6,3,Sweden,Kaggle Sticker,KaggleRama,1401
2717,2017,7,3,Sweden,Kaggle Sticker,KaggleRama,1445
2807,2017,8,3,Sweden,Kaggle Sticker,KaggleRama,1460
2897,2017,9,3,Sweden,Kaggle Sticker,KaggleRama,1461
2987,2017,10,3,Sweden,Kaggle Sticker,KaggleRama,1423
3077,2017,11,3,Sweden,Kaggle Sticker,KaggleRama,1463
3167,2017,12,3,Sweden,Kaggle Sticker,KaggleRama,1489
3257,2018,1,3,Sweden,Kaggle Sticker,KaggleRama,1505
3347,2018,2,3,Sweden,Kaggle Sticker,KaggleRama,1504
3419,2018,3,3,Sweden,Kaggle Sticker,KaggleRama,1450
3509,2018,4,3,Sweden,Kaggle Sticker,KaggleRama,1425
3599,2018,5,3,Sweden,Kaggle Sticker,KaggleRama,1562
3689,2018,6,3,Sweden,Kaggle Sticker,KaggleRama,1467
3779,2018,7,3,Sweden,Kaggle Sticker,KaggleRama,1502
3869,2018,8,3,Sweden,Kaggle Sticker,KaggleRama,1465
3959,2018,9,3,Sweden,Kaggle Sticker,KaggleRama,1423
4049,2018,10,3,Sweden,Kaggle Sticker,KaggleRama,1519
4139,2018,11,3,Sweden,Kaggle Sticker,KaggleRama,1451
4229,2018,12,3,Sweden,Kaggle Sticker,KaggleRama,1449
