,year,month,week,country,product,store,num_sold
34,2015,1,2,Sweden,Kaggle Sticker,KaggleMart,842
124,2015,2,2,Sweden,Kaggle Sticker,KaggleMart,752
196,2015,3,2,Sweden,Kaggle Sticker,KaggleMart,753
286,2015,4,2,Sweden,Kaggle Sticker,KaggleMart,942
376,2015,5,2,Sweden,Kaggle Sticker,KaggleMart,787
466,2015,6,2,Sweden,Kaggle Sticker,KaggleMart,841
556,2015,7,2,Sweden,Kaggle Sticker,KaggleMart,750
646,2015,8,2,Sweden,Kaggle Sticker,KaggleMart,738
736,2015,9,2,Sweden,Kaggle Sticker,KaggleMart,749
826,2015,10,2,Sweden,Kaggle Sticker,KaggleMart,754
916,2015,11,2,Sweden,Kaggle Sticker,KaggleMart,721
1006,2015,12,2,Sweden,Kaggle Sticker,KaggleMart,772
1096,2016,1,2,Sweden,Kaggle Sticker,KaggleMart,878
1186,2016,2,2,Sweden,Kaggle Sticker,KaggleMart,764
1276,2016,3,2,Sweden,Kaggle Sticker,KaggleMart,740
1366,2016,4,2,Sweden,Kaggle Sticker,KaggleMart,789
1456,2016,5,2,Sweden,Kaggle Sticker,KaggleMart,825
1546,2016,6,2,Sweden,Kaggle Sticker,KaggleMart,871
1636,2016,7,2,Sweden,Kaggle Sticker,KaggleMart,767
1726,2016,8,2,Sweden,Kaggle Sticker,KaggleMart,783
1816,2016,9,2,Sweden,Kaggle Sticker,KaggleMart,791
1906,2016,10,2,Sweden,Kaggle Sticker,KaggleMart,773
1996,2016,11,2,Sweden,Kaggle Sticker,KaggleMart,894
2086,2016,12,2,Sweden,Kaggle Sticker,KaggleMart,763
2176,2017,1,2,Sweden,Kaggle Sticker,KaggleMart,890
2266,2017,2,2,Sweden,Kaggle Sticker,KaggleMart,793
2338,2017,3,2,Sweden,Kaggle Sticker,KaggleMart,813
2428,2017,4,2,Sweden,Kaggle Sticker,KaggleMart,809
2518,2017,5,2,Sweden,Kaggle Sticker,KaggleMart,816
2608,2017,6,2,Sweden,Kaggle Sticker,KaggleMart,953
2698,2017,7,2,Sweden,Kaggle Sticker,KaggleMart,820
2788,2017,8,2,Sweden,Kaggle Sticker,KaggleMart,834
2878,2017,9,2,Sweden,Kaggle Sticker,KaggleMart,833
2968,2017,10,2,Sweden,Kaggle Sticker,KaggleMart,833
3058,2017,11,2,Sweden,Kaggle Sticker,KaggleMart,930
3148,2017,12,2,Sweden,Kaggle Sticker,KaggleMart,827
3238,2018,1,2,Sweden,Kaggle Sticker,KaggleMart,967
3328,2018,2,2,Sweden,Kaggle Sticker,KaggleMart,845
3400,2018,3,2,Sweden,Kaggle Sticker,KaggleMart,859
3490,2018,4,2,Sweden,Kaggle Sticker,KaggleMart,900
3580,2018,5,2,Sweden,Kaggle Sticker,KaggleMart,905
3670,2018,6,2,Sweden,Kaggle Sticker,KaggleMart,933
3760,2018,7,2,Sweden,Kaggle Sticker,KaggleMart,867
3850,2018,8,2,Sweden,Kaggle Sticker,KaggleMart,868
3940,2018,9,2,Sweden,Kaggle Sticker,KaggleMart,825
4030,2018,10,2,Sweden,Kaggle Sticker,KaggleMart,852
4120,2018,11,2,Sweden,Kaggle Sticker,KaggleMart,895
4210,2018,12,2,Sweden,Kaggle Sticker,KaggleMart,852
