,year,month,week,country,product,store,num_sold
19,2015,1,2,Finland,Kaggle Hat,KaggleRama,4281
109,2015,2,2,Finland,Kaggle Hat,KaggleRama,4381
181,2015,3,2,Finland,Kaggle Hat,KaggleRama,4671
271,2015,4,2,Finland,Kaggle Hat,KaggleRama,5821
361,2015,5,2,Finland,Kaggle Hat,KaggleRama,4697
451,2015,6,2,Finland,Kaggle Hat,KaggleRama,4273
541,2015,7,2,Finland,Kaggle Hat,KaggleRama,3755
631,2015,8,2,Finland,Kaggle Hat,KaggleRama,3242
721,2015,9,2,Finland,Kaggle Hat,KaggleRama,3112
811,2015,10,2,Finland,Kaggle Hat,KaggleRama,2935
901,2015,11,2,Finland,Kaggle Hat,KaggleRama,3177
991,2015,12,2,Finland,Kaggle Hat,KaggleRama,3738
1081,2016,1,2,Finland,Kaggle Hat,KaggleRama,4694
1171,2016,2,2,Finland,Kaggle Hat,KaggleRama,4345
1261,2016,3,2,Finland,Kaggle Hat,KaggleRama,4701
1351,2016,4,2,Finland,Kaggle Hat,KaggleRama,4790
1441,2016,5,2,Finland,Kaggle Hat,KaggleRama,5217
1531,2016,6,2,Finland,Kaggle Hat,KaggleRama,4233
1621,2016,7,2,Finland,Kaggle Hat,KaggleRama,3887
1711,2016,8,2,Finland,Kaggle Hat,KaggleRama,3444
1801,2016,9,2,Finland,Kaggle Hat,KaggleRama,3140
1891,2016,10,2,Finland,Kaggle Hat,KaggleRama,3267
1981,2016,11,2,Finland,Kaggle Hat,KaggleRama,3618
2071,2016,12,2,Finland,Kaggle Hat,KaggleRama,4179
2161,2017,1,2,Finland,Kaggle Hat,KaggleRama,4962
2251,2017,2,2,Finland,Kaggle Hat,KaggleRama,4834
2323,2017,3,2,Finland,Kaggle Hat,KaggleRama,5075
2413,2017,4,2,Finland,Kaggle Hat,KaggleRama,5308
2503,2017,5,2,Finland,Kaggle Hat,KaggleRama,4979
2593,2017,6,2,Finland,Kaggle Hat,KaggleRama,4844
2683,2017,7,2,Finland,Kaggle Hat,KaggleRama,4182
2773,2017,8,2,Finland,Kaggle Hat,KaggleRama,3714
2863,2017,9,2,Finland,Kaggle Hat,KaggleRama,3490
2953,2017,10,2,Finland,Kaggle Hat,KaggleRama,3472
3043,2017,11,2,Finland,Kaggle Hat,KaggleRama,3996
3133,2017,12,2,Finland,Kaggle Hat,KaggleRama,4568
3223,2018,1,2,Finland,Kaggle Hat,KaggleRama,5379
3313,2018,2,2,Finland,Kaggle Hat,KaggleRama,5240
3385,2018,3,2,Finland,Kaggle Hat,KaggleRama,5665
3475,2018,4,2,Finland,Kaggle Hat,KaggleRama,6147
3565,2018,5,2,Finland,Kaggle Hat,KaggleRama,5824
3655,2018,6,2,Finland,Kaggle Hat,KaggleRama,4961
3745,2018,7,2,Finland,Kaggle Hat,KaggleRama,4451
3835,2018,8,2,Finland,Kaggle Hat,KaggleRama,4027
3925,2018,9,2,Finland,Kaggle Hat,KaggleRama,3769
4015,2018,10,2,Finland,Kaggle Hat,KaggleRama,3718
4105,2018,11,2,Finland,Kaggle Hat,KaggleRama,3954
4195,2018,12,2,Finland,Kaggle Hat,KaggleRama,4612
