,year,month,week,country,product,store,num_sold
54,2015,1,4,Finland,Kaggle Hat,KaggleMart,2287
144,2015,2,4,Finland,Kaggle Hat,KaggleMart,2543
216,2015,3,4,Finland,Kaggle Hat,KaggleMart,2770
306,2015,4,4,Finland,Kaggle Hat,KaggleMart,2618
396,2015,5,4,Finland,Kaggle Hat,KaggleMart,2539
486,2015,6,4,Finland,Kaggle Hat,KaggleMart,2677
576,2015,7,4,Finland,Kaggle Hat,KaggleMart,1996
666,2015,8,4,Finland,Kaggle Hat,KaggleMart,1805
756,2015,9,4,Finland,Kaggle Hat,KaggleMart,1717
846,2015,10,4,Finland,Kaggle Hat,KaggleMart,1721
936,2015,11,4,Finland,Kaggle Hat,KaggleMart,1904
1026,2015,12,4,Finland,Kaggle Hat,KaggleMart,2837
1116,2016,1,4,Finland,Kaggle Hat,KaggleMart,2549
1206,2016,2,4,Finland,Kaggle Hat,KaggleMart,2667
1296,2016,3,4,Finland,Kaggle Hat,KaggleMart,2859
1386,2016,4,4,Finland,Kaggle Hat,KaggleMart,2778
1476,2016,5,4,Finland,Kaggle Hat,KaggleMart,2584
1566,2016,6,4,Finland,Kaggle Hat,KaggleMart,2522
1656,2016,7,4,Finland,Kaggle Hat,KaggleMart,2069
1746,2016,8,4,Finland,Kaggle Hat,KaggleMart,1889
1836,2016,9,4,Finland,Kaggle Hat,KaggleMart,1777
1926,2016,10,4,Finland,Kaggle Hat,KaggleMart,1829
2016,2016,11,4,Finland,Kaggle Hat,KaggleMart,2073
2106,2016,12,4,Finland,Kaggle Hat,KaggleMart,3047
2196,2017,1,4,Finland,Kaggle Hat,KaggleMart,2677
2286,2017,2,4,Finland,Kaggle Hat,KaggleMart,2856
2358,2017,3,4,Finland,Kaggle Hat,KaggleMart,3059
2448,2017,4,4,Finland,Kaggle Hat,KaggleMart,3427
2538,2017,5,4,Finland,Kaggle Hat,KaggleMart,2831
2628,2017,6,4,Finland,Kaggle Hat,KaggleMart,2818
2718,2017,7,4,Finland,Kaggle Hat,KaggleMart,2290
2808,2017,8,4,Finland,Kaggle Hat,KaggleMart,2099
2898,2017,9,4,Finland,Kaggle Hat,KaggleMart,1926
2988,2017,10,4,Finland,Kaggle Hat,KaggleMart,2028
3078,2017,11,4,Finland,Kaggle Hat,KaggleMart,2277
3168,2017,12,4,Finland,Kaggle Hat,KaggleMart,3259
3258,2018,1,4,Finland,Kaggle Hat,KaggleMart,2967
3348,2018,2,4,Finland,Kaggle Hat,KaggleMart,3206
3420,2018,3,4,Finland,Kaggle Hat,KaggleMart,3341
3510,2018,4,4,Finland,Kaggle Hat,KaggleMart,3237
3600,2018,5,4,Finland,Kaggle Hat,KaggleMart,3340
3690,2018,6,4,Finland,Kaggle Hat,KaggleMart,3155
3780,2018,7,4,Finland,Kaggle Hat,KaggleMart,2417
3870,2018,8,4,Finland,Kaggle Hat,KaggleMart,2245
3960,2018,9,4,Finland,Kaggle Hat,KaggleMart,2116
4050,2018,10,4,Finland,Kaggle Hat,KaggleMart,2169
4140,2018,11,4,Finland,Kaggle Hat,KaggleMart,2271
4230,2018,12,4,Finland,Kaggle Hat,KaggleMart,3520
