,year,month,week,country,product,store,num_sold
69,2015,1,4,Sweden,Kaggle Mug,KaggleRama,2992
159,2015,2,4,Sweden,Kaggle Mug,KaggleRama,2800
231,2015,3,4,Sweden,Kaggle Mug,KaggleRama,2740
321,2015,4,4,Sweden,Kaggle Mug,KaggleRama,2386
411,2015,5,4,Sweden,Kaggle Mug,KaggleRama,2414
501,2015,6,4,Sweden,Kaggle Mug,KaggleRama,2570
591,2015,7,4,Sweden,Kaggle Mug,KaggleRama,2220
681,2015,8,4,Sweden,Kaggle Mug,KaggleRama,2404
771,2015,9,4,Sweden,Kaggle Mug,KaggleRama,2542
861,2015,10,4,Sweden,Kaggle Mug,KaggleRama,2814
951,2015,11,4,Sweden,Kaggle Mug,KaggleRama,2985
1041,2015,12,4,Sweden,Kaggle Mug,KaggleRama,4051
1131,2016,1,4,Sweden,Kaggle Mug,KaggleRama,3131
1221,2016,2,4,Sweden,Kaggle Mug,KaggleRama,2782
1311,2016,3,4,Sweden,Kaggle Mug,KaggleRama,2801
1401,2016,4,4,Sweden,Kaggle Mug,KaggleRama,2436
1491,2016,5,4,Sweden,Kaggle Mug,KaggleRama,2372
1581,2016,6,4,Sweden,Kaggle Mug,KaggleRama,2435
1671,2016,7,4,Sweden,Kaggle Mug,KaggleRama,2284
1761,2016,8,4,Sweden,Kaggle Mug,KaggleRama,2390
1851,2016,9,4,Sweden,Kaggle Mug,KaggleRama,2478
1941,2016,10,4,Sweden,Kaggle Mug,KaggleRama,2773
2031,2016,11,4,Sweden,Kaggle Mug,KaggleRama,3033
2121,2016,12,4,Sweden,Kaggle Mug,KaggleRama,4133
2211,2017,1,4,Sweden,Kaggle Mug,KaggleRama,3165
2301,2017,2,4,Sweden,Kaggle Mug,KaggleRama,2950
2373,2017,3,4,Sweden,Kaggle Mug,KaggleRama,2822
2463,2017,4,4,Sweden,Kaggle Mug,KaggleRama,2872
2553,2017,5,4,Sweden,Kaggle Mug,KaggleRama,2471
2643,2017,6,4,Sweden,Kaggle Mug,KaggleRama,2689
2733,2017,7,4,Sweden,Kaggle Mug,KaggleRama,2406
2823,2017,8,4,Sweden,Kaggle Mug,KaggleRama,2531
2913,2017,9,4,Sweden,Kaggle Mug,KaggleRama,2761
3003,2017,10,4,Sweden,Kaggle Mug,KaggleRama,3053
3093,2017,11,4,Sweden,Kaggle Mug,KaggleRama,3222
3183,2017,12,4,Sweden,Kaggle Mug,KaggleRama,4330
3273,2018,1,4,Sweden,Kaggle Mug,KaggleRama,3233
3363,2018,2,4,Sweden,Kaggle Mug,KaggleRama,3112
3435,2018,3,4,Sweden,Kaggle Mug,KaggleRama,2904
3525,2018,4,4,Sweden,Kaggle Mug,KaggleRama,2678
3615,2018,5,4,Sweden,Kaggle Mug,KaggleRama,2825
3705,2018,6,4,Sweden,Kaggle Mug,KaggleRama,2823
3795,2018,7,4,Sweden,Kaggle Mug,KaggleRama,2506
3885,2018,8,4,Sweden,Kaggle Mug,KaggleRama,2632
3975,2018,9,4,Sweden,Kaggle Mug,KaggleRama,2934
4065,2018,10,4,Sweden,Kaggle Mug,KaggleRama,3094
4155,2018,11,4,Sweden,Kaggle Mug,KaggleRama,3192
4245,2018,12,4,Sweden,Kaggle Mug,KaggleRama,4330
