,year,month,week,country,product,store,num_sold
28,2015,1,2,Norway,Kaggle Sticker,KaggleMart,1089
118,2015,2,2,Norway,Kaggle Sticker,KaggleMart,1074
190,2015,3,2,Norway,Kaggle Sticker,KaggleMart,1110
280,2015,4,2,Norway,Kaggle Sticker,KaggleMart,1397
370,2015,5,2,Norway,Kaggle Sticker,KaggleMart,1083
460,2015,6,2,Norway,Kaggle Sticker,KaggleMart,1105
550,2015,7,2,Norway,Kaggle Sticker,KaggleMart,1099
640,2015,8,2,Norway,Kaggle Sticker,KaggleMart,1071
730,2015,9,2,Norway,Kaggle Sticker,KaggleMart,1080
820,2015,10,2,Norway,Kaggle Sticker,KaggleMart,1113
910,2015,11,2,Norway,Kaggle Sticker,KaggleMart,1112
1000,2015,12,2,Norway,Kaggle Sticker,KaggleMart,1101
1090,2016,1,2,Norway,Kaggle Sticker,KaggleMart,1096
1180,2016,2,2,Norway,Kaggle Sticker,KaggleMart,1019
1270,2016,3,2,Norway,Kaggle Sticker,KaggleMart,1032
1360,2016,4,2,Norway,Kaggle Sticker,KaggleMart,1052
1450,2016,5,2,Norway,Kaggle Sticker,KaggleMart,1144
1540,2016,6,2,Norway,Kaggle Sticker,KaggleMart,1047
1630,2016,7,2,Norway,Kaggle Sticker,KaggleMart,1031
1720,2016,8,2,Norway,Kaggle Sticker,KaggleMart,1066
1810,2016,9,2,Norway,Kaggle Sticker,KaggleMart,1064
1900,2016,10,2,Norway,Kaggle Sticker,KaggleMart,1032
1990,2016,11,2,Norway,Kaggle Sticker,KaggleMart,1054
2080,2016,12,2,Norway,Kaggle Sticker,KaggleMart,1084
2170,2017,1,2,Norway,Kaggle Sticker,KaggleMart,1160
2260,2017,2,2,Norway,Kaggle Sticker,KaggleMart,1122
2332,2017,3,2,Norway,Kaggle Sticker,KaggleMart,1117
2422,2017,4,2,Norway,Kaggle Sticker,KaggleMart,1149
2512,2017,5,2,Norway,Kaggle Sticker,KaggleMart,1183
2602,2017,6,2,Norway,Kaggle Sticker,KaggleMart,1371
2692,2017,7,2,Norway,Kaggle Sticker,KaggleMart,1188
2782,2017,8,2,Norway,Kaggle Sticker,KaggleMart,1158
2872,2017,9,2,Norway,Kaggle Sticker,KaggleMart,1193
2962,2017,10,2,Norway,Kaggle Sticker,KaggleMart,1148
3052,2017,11,2,Norway,Kaggle Sticker,KaggleMart,1166
3142,2017,12,2,Norway,Kaggle Sticker,KaggleMart,1213
3232,2018,1,2,Norway,Kaggle Sticker,KaggleMart,1319
3322,2018,2,2,Norway,Kaggle Sticker,KaggleMart,1238
3394,2018,3,2,Norway,Kaggle Sticker,KaggleMart,1249
3484,2018,4,2,Norway,Kaggle Sticker,KaggleMart,1347
3574,2018,5,2,Norway,Kaggle Sticker,KaggleMart,1351
3664,2018,6,2,Norway,Kaggle Sticker,KaggleMart,1237
3754,2018,7,2,Norway,Kaggle Sticker,KaggleMart,1291
3844,2018,8,2,Norway,Kaggle Sticker,KaggleMart,1285
3934,2018,9,2,Norway,Kaggle Sticker,KaggleMart,1295
4024,2018,10,2,Norway,Kaggle Sticker,KaggleMart,1224
4114,2018,11,2,Norway,Kaggle Sticker,KaggleMart,1287
4204,2018,12,2,Norway,Kaggle Sticker,KaggleMart,1258
