,year,month,week,country,product,store,num_sold
7,2015,1,1,Norway,Kaggle Hat,KaggleRama,9293
97,2015,2,1,Norway,Kaggle Hat,KaggleRama,7455
169,2015,3,1,Norway,Kaggle Hat,KaggleRama,8184
259,2015,4,1,Norway,Kaggle Hat,KaggleRama,9144
349,2015,5,1,Norway,Kaggle Hat,KaggleRama,8845
439,2015,6,1,Norway,Kaggle Hat,KaggleRama,7410
529,2015,7,1,Norway,Kaggle Hat,KaggleRama,6636
619,2015,8,1,Norway,Kaggle Hat,KaggleRama,5719
709,2015,9,1,Norway,Kaggle Hat,KaggleRama,5197
799,2015,10,1,Norway,Kaggle Hat,KaggleRama,5187
889,2015,11,1,Norway,Kaggle Hat,KaggleRama,5572
979,2015,12,1,Norway,Kaggle Hat,KaggleRama,6072
1069,2016,1,1,Norway,Kaggle Hat,KaggleRama,8527
1159,2016,2,1,Norway,Kaggle Hat,KaggleRama,6983
1249,2016,3,1,Norway,Kaggle Hat,KaggleRama,7369
1339,2016,4,1,Norway,Kaggle Hat,KaggleRama,9085
1429,2016,5,1,Norway,Kaggle Hat,KaggleRama,8331
1519,2016,6,1,Norway,Kaggle Hat,KaggleRama,6868
1609,2016,7,1,Norway,Kaggle Hat,KaggleRama,5996
1699,2016,8,1,Norway,Kaggle Hat,KaggleRama,5560
1789,2016,9,1,Norway,Kaggle Hat,KaggleRama,5235
1879,2016,10,1,Norway,Kaggle Hat,KaggleRama,5063
1969,2016,11,1,Norway,Kaggle Hat,KaggleRama,5238
2059,2016,12,1,Norway,Kaggle Hat,KaggleRama,5680
2149,2017,1,1,Norway,Kaggle Hat,KaggleRama,8798
2239,2017,2,1,Norway,Kaggle Hat,KaggleRama,7860
2311,2017,3,1,Norway,Kaggle Hat,KaggleRama,8281
2401,2017,4,1,Norway,Kaggle Hat,KaggleRama,8665
2491,2017,5,1,Norway,Kaggle Hat,KaggleRama,9245
2581,2017,6,1,Norway,Kaggle Hat,KaggleRama,7942
2671,2017,7,1,Norway,Kaggle Hat,KaggleRama,6964
2761,2017,8,1,Norway,Kaggle Hat,KaggleRama,6074
2851,2017,9,1,Norway,Kaggle Hat,KaggleRama,5529
2941,2017,10,1,Norway,Kaggle Hat,KaggleRama,5402
3031,2017,11,1,Norway,Kaggle Hat,KaggleRama,5978
3121,2017,12,1,Norway,Kaggle Hat,KaggleRama,6505
3211,2018,1,1,Norway,Kaggle Hat,KaggleRama,10045
3301,2018,2,1,Norway,Kaggle Hat,KaggleRama,8647
3373,2018,3,1,Norway,Kaggle Hat,KaggleRama,9285
3463,2018,4,1,Norway,Kaggle Hat,KaggleRama,13035
3553,2018,5,1,Norway,Kaggle Hat,KaggleRama,9989
3643,2018,6,1,Norway,Kaggle Hat,KaggleRama,8693
3733,2018,7,1,Norway,Kaggle Hat,KaggleRama,7610
3823,2018,8,1,Norway,Kaggle Hat,KaggleRama,6908
3913,2018,9,1,Norway,Kaggle Hat,KaggleRama,6140
4003,2018,10,1,Norway,Kaggle Hat,KaggleRama,5891
4093,2018,11,1,Norway,Kaggle Hat,KaggleRama,6292
4183,2018,12,1,Norway,Kaggle Hat,KaggleRama,6998
