,year,month,week,country,product,store,num_sold
57,2015,1,4,Finland,Kaggle Mug,KaggleRama,2390
147,2015,2,4,Finland,Kaggle Mug,KaggleRama,2263
219,2015,3,4,Finland,Kaggle Mug,KaggleRama,2118
309,2015,4,4,Finland,Kaggle Mug,KaggleRama,2065
399,2015,5,4,Finland,Kaggle Mug,KaggleRama,1993
489,2015,6,4,Finland,Kaggle Mug,KaggleRama,2204
579,2015,7,4,Finland,Kaggle Mug,KaggleRama,1900
669,2015,8,4,Finland,Kaggle Mug,KaggleRama,1944
759,2015,9,4,Finland,Kaggle Mug,KaggleRama,2108
849,2015,10,4,Finland,Kaggle Mug,KaggleRama,2266
939,2015,11,4,Finland,Kaggle Mug,KaggleRama,2327
1029,2015,12,4,Finland,Kaggle Mug,KaggleRama,3367
1119,2016,1,4,Finland,Kaggle Mug,KaggleRama,2564
1209,2016,2,4,Finland,Kaggle Mug,KaggleRama,2387
1299,2016,3,4,Finland,Kaggle Mug,KaggleRama,2271
1389,2016,4,4,Finland,Kaggle Mug,KaggleRama,2117
1479,2016,5,4,Finland,Kaggle Mug,KaggleRama,1997
1569,2016,6,4,Finland,Kaggle Mug,KaggleRama,2042
1659,2016,7,4,Finland,Kaggle Mug,KaggleRama,1886
1749,2016,8,4,Finland,Kaggle Mug,KaggleRama,2005
1839,2016,9,4,Finland,Kaggle Mug,KaggleRama,2193
1929,2016,10,4,Finland,Kaggle Mug,KaggleRama,2378
2019,2016,11,4,Finland,Kaggle Mug,KaggleRama,2557
2109,2016,12,4,Finland,Kaggle Mug,KaggleRama,3365
2199,2017,1,4,Finland,Kaggle Mug,KaggleRama,2746
2289,2017,2,4,Finland,Kaggle Mug,KaggleRama,2584
2361,2017,3,4,Finland,Kaggle Mug,KaggleRama,2472
2451,2017,4,4,Finland,Kaggle Mug,KaggleRama,2544
2541,2017,5,4,Finland,Kaggle Mug,KaggleRama,2218
2631,2017,6,4,Finland,Kaggle Mug,KaggleRama,2250
2721,2017,7,4,Finland,Kaggle Mug,KaggleRama,2072
2811,2017,8,4,Finland,Kaggle Mug,KaggleRama,2266
2901,2017,9,4,Finland,Kaggle Mug,KaggleRama,2388
2991,2017,10,4,Finland,Kaggle Mug,KaggleRama,2576
3081,2017,11,4,Finland,Kaggle Mug,KaggleRama,2851
3171,2017,12,4,Finland,Kaggle Mug,KaggleRama,3750
3261,2018,1,4,Finland,Kaggle Mug,KaggleRama,3003
3351,2018,2,4,Finland,Kaggle Mug,KaggleRama,2973
3423,2018,3,4,Finland,Kaggle Mug,KaggleRama,2650
3513,2018,4,4,Finland,Kaggle Mug,KaggleRama,2452
3603,2018,5,4,Finland,Kaggle Mug,KaggleRama,2569
3693,2018,6,4,Finland,Kaggle Mug,KaggleRama,2709
3783,2018,7,4,Finland,Kaggle Mug,KaggleRama,2282
3873,2018,8,4,Finland,Kaggle Mug,KaggleRama,2472
3963,2018,9,4,Finland,Kaggle Mug,KaggleRama,2644
4053,2018,10,4,Finland,Kaggle Mug,KaggleRama,2737
4143,2018,11,4,Finland,Kaggle Mug,KaggleRama,2996
4233,2018,12,4,Finland,Kaggle Mug,KaggleRama,3933
