,year,month,week,country,product,store,num_sold
10,2015,1,1,Norway,Kaggle Sticker,KaggleMart,1510
100,2015,2,1,Norway,Kaggle Sticker,KaggleMart,1092
172,2015,3,1,Norway,Kaggle Sticker,KaggleMart,1101
262,2015,4,1,Norway,Kaggle Sticker,KaggleMart,1251
352,2015,5,1,Norway,Kaggle Sticker,KaggleMart,1218
442,2015,6,1,Norway,Kaggle Sticker,KaggleMart,1110
532,2015,7,1,Norway,Kaggle Sticker,KaggleMart,1080
622,2015,8,1,Norway,Kaggle Sticker,KaggleMart,1104
712,2015,9,1,Norway,Kaggle Sticker,KaggleMart,1079
802,2015,10,1,Norway,Kaggle Sticker,KaggleMart,1110
892,2015,11,1,Norway,Kaggle Sticker,KaggleMart,1080
982,2015,12,1,Norway,Kaggle Sticker,KaggleMart,1131
1072,2016,1,1,Norway,Kaggle Sticker,KaggleMart,1367
1162,2016,2,1,Norway,Kaggle Sticker,KaggleMart,1066
1252,2016,3,1,Norway,Kaggle Sticker,KaggleMart,1036
1342,2016,4,1,Norway,Kaggle Sticker,KaggleMart,1254
1432,2016,5,1,Norway,Kaggle Sticker,KaggleMart,1161
1522,2016,6,1,Norway,Kaggle Sticker,KaggleMart,1043
1612,2016,7,1,Norway,Kaggle Sticker,KaggleMart,1043
1702,2016,8,1,Norway,Kaggle Sticker,KaggleMart,1025
1792,2016,9,1,Norway,Kaggle Sticker,KaggleMart,1091
1882,2016,10,1,Norway,Kaggle Sticker,KaggleMart,1068
1972,2016,11,1,Norway,Kaggle Sticker,KaggleMart,1063
2062,2016,12,1,Norway,Kaggle Sticker,KaggleMart,1054
2152,2017,1,1,Norway,Kaggle Sticker,KaggleMart,1415
2242,2017,2,1,Norway,Kaggle Sticker,KaggleMart,1125
2314,2017,3,1,Norway,Kaggle Sticker,KaggleMart,1140
2404,2017,4,1,Norway,Kaggle Sticker,KaggleMart,1144
2494,2017,5,1,Norway,Kaggle Sticker,KaggleMart,1240
2584,2017,6,1,Norway,Kaggle Sticker,KaggleMart,1211
2674,2017,7,1,Norway,Kaggle Sticker,KaggleMart,1188
2764,2017,8,1,Norway,Kaggle Sticker,KaggleMart,1158
2854,2017,9,1,Norway,Kaggle Sticker,KaggleMart,1152
2944,2017,10,1,Norway,Kaggle Sticker,KaggleMart,1130
3034,2017,11,1,Norway,Kaggle Sticker,KaggleMart,1195
3124,2017,12,1,Norway,Kaggle Sticker,KaggleMart,1187
3214,2018,1,1,Norway,Kaggle Sticker,KaggleMart,1607
3304,2018,2,1,Norway,Kaggle Sticker,KaggleMart,1299
3376,2018,3,1,Norway,Kaggle Sticker,KaggleMart,1237
3466,2018,4,1,Norway,Kaggle Sticker,KaggleMart,1710
3556,2018,5,1,Norway,Kaggle Sticker,KaggleMart,1455
3646,2018,6,1,Norway,Kaggle Sticker,KaggleMart,1207
3736,2018,7,1,Norway,Kaggle Sticker,KaggleMart,1282
3826,2018,8,1,Norway,Kaggle Sticker,KaggleMart,1265
3916,2018,9,1,Norway,Kaggle Sticker,KaggleMart,1299
4006,2018,10,1,Norway,Kaggle Sticker,KaggleMart,1280
4096,2018,11,1,Norway,Kaggle Sticker,KaggleMart,1266
4186,2018,12,1,Norway,Kaggle Sticker,KaggleMart,1228
