,year,month,week,country,product,store,num_sold
38,2015,1,3,Finland,Kaggle Mug,KaggleMart,1359
128,2015,2,3,Finland,Kaggle Mug,KaggleMart,1335
200,2015,3,3,Finland,Kaggle Mug,KaggleMart,1268
290,2015,4,3,Finland,Kaggle Mug,KaggleMart,1202
380,2015,5,3,Finland,Kaggle Mug,KaggleMart,1195
470,2015,6,3,Finland,Kaggle Mug,KaggleMart,1101
560,2015,7,3,Finland,Kaggle Mug,KaggleMart,1065
650,2015,8,3,Finland,Kaggle Mug,KaggleMart,1107
740,2015,9,3,Finland,Kaggle Mug,KaggleMart,1155
830,2015,10,3,Finland,Kaggle Mug,KaggleMart,1286
920,2015,11,3,Finland,Kaggle Mug,KaggleMart,1374
1010,2015,12,3,Finland,Kaggle Mug,KaggleMart,1385
1100,2016,1,3,Finland,Kaggle Mug,KaggleMart,1488
1190,2016,2,3,Finland,Kaggle Mug,KaggleMart,1391
1280,2016,3,3,Finland,Kaggle Mug,KaggleMart,1289
1370,2016,4,3,Finland,Kaggle Mug,KaggleMart,1186
1460,2016,5,3,Finland,Kaggle Mug,KaggleMart,1197
1550,2016,6,3,Finland,Kaggle Mug,KaggleMart,1067
1640,2016,7,3,Finland,Kaggle Mug,KaggleMart,1092
1730,2016,8,3,Finland,Kaggle Mug,KaggleMart,1117
1820,2016,9,3,Finland,Kaggle Mug,KaggleMart,1269
1910,2016,10,3,Finland,Kaggle Mug,KaggleMart,1329
2000,2016,11,3,Finland,Kaggle Mug,KaggleMart,1461
2090,2016,12,3,Finland,Kaggle Mug,KaggleMart,1431
2180,2017,1,3,Finland,Kaggle Mug,KaggleMart,1594
2270,2017,2,3,Finland,Kaggle Mug,KaggleMart,1542
2342,2017,3,3,Finland,Kaggle Mug,KaggleMart,1401
2432,2017,4,3,Finland,Kaggle Mug,KaggleMart,1588
2522,2017,5,3,Finland,Kaggle Mug,KaggleMart,1268
2612,2017,6,3,Finland,Kaggle Mug,KaggleMart,1247
2702,2017,7,3,Finland,Kaggle Mug,KaggleMart,1208
2792,2017,8,3,Finland,Kaggle Mug,KaggleMart,1278
2882,2017,9,3,Finland,Kaggle Mug,KaggleMart,1334
2972,2017,10,3,Finland,Kaggle Mug,KaggleMart,1481
3062,2017,11,3,Finland,Kaggle Mug,KaggleMart,1619
3152,2017,12,3,Finland,Kaggle Mug,KaggleMart,1638
3242,2018,1,3,Finland,Kaggle Mug,KaggleMart,1712
3332,2018,2,3,Finland,Kaggle Mug,KaggleMart,1626
3404,2018,3,3,Finland,Kaggle Mug,KaggleMart,1520
3494,2018,4,3,Finland,Kaggle Mug,KaggleMart,1453
3584,2018,5,3,Finland,Kaggle Mug,KaggleMart,1442
3674,2018,6,3,Finland,Kaggle Mug,KaggleMart,1359
3764,2018,7,3,Finland,Kaggle Mug,KaggleMart,1281
3854,2018,8,3,Finland,Kaggle Mug,KaggleMart,1376
3944,2018,9,3,Finland,Kaggle Mug,KaggleMart,1509
4034,2018,10,3,Finland,Kaggle Mug,KaggleMart,1532
4124,2018,11,3,Finland,Kaggle Mug,KaggleMart,1658
4214,2018,12,3,Finland,Kaggle Mug,KaggleMart,1726
