,year,month,week,country,product,store,num_sold
47,2015,1,3,Norway,Kaggle Sticker,KaggleRama,1869
137,2015,2,3,Norway,Kaggle Sticker,KaggleRama,1875
209,2015,3,3,Norway,Kaggle Sticker,KaggleRama,1935
299,2015,4,3,Norway,Kaggle Sticker,KaggleRama,1889
389,2015,5,3,Norway,Kaggle Sticker,KaggleRama,2172
479,2015,6,3,Norway,Kaggle Sticker,KaggleRama,1889
569,2015,7,3,Norway,Kaggle Sticker,KaggleRama,1908
659,2015,8,3,Norway,Kaggle Sticker,KaggleRama,1930
749,2015,9,3,Norway,Kaggle Sticker,KaggleRama,1937
839,2015,10,3,Norway,Kaggle Sticker,KaggleRama,1916
929,2015,11,3,Norway,Kaggle Sticker,KaggleRama,1886
1019,2015,12,3,Norway,Kaggle Sticker,KaggleRama,1883
1109,2016,1,3,Norway,Kaggle Sticker,KaggleRama,1780
1199,2016,2,3,Norway,Kaggle Sticker,KaggleRama,1778
1289,2016,3,3,Norway,Kaggle Sticker,KaggleRama,1851
1379,2016,4,3,Norway,Kaggle Sticker,KaggleRama,1819
1469,2016,5,3,Norway,Kaggle Sticker,KaggleRama,2192
1559,2016,6,3,Norway,Kaggle Sticker,KaggleRama,1802
1649,2016,7,3,Norway,Kaggle Sticker,KaggleRama,1788
1739,2016,8,3,Norway,Kaggle Sticker,KaggleRama,1850
1829,2016,9,3,Norway,Kaggle Sticker,KaggleRama,1834
1919,2016,10,3,Norway,Kaggle Sticker,KaggleRama,1828
2009,2016,11,3,Norway,Kaggle Sticker,KaggleRama,1916
2099,2016,12,3,Norway,Kaggle Sticker,KaggleRama,1798
2189,2017,1,3,Norway,Kaggle Sticker,KaggleRama,1977
2279,2017,2,3,Norway,Kaggle Sticker,KaggleRama,1990
2351,2017,3,3,Norway,Kaggle Sticker,KaggleRama,1981
2441,2017,4,3,Norway,Kaggle Sticker,KaggleRama,2769
2531,2017,5,3,Norway,Kaggle Sticker,KaggleRama,2174
2621,2017,6,3,Norway,Kaggle Sticker,KaggleRama,1959
2711,2017,7,3,Norway,Kaggle Sticker,KaggleRama,2055
2801,2017,8,3,Norway,Kaggle Sticker,KaggleRama,2070
2891,2017,9,3,Norway,Kaggle Sticker,KaggleRama,2041
2981,2017,10,3,Norway,Kaggle Sticker,KaggleRama,1995
3071,2017,11,3,Norway,Kaggle Sticker,KaggleRama,2087
3161,2017,12,3,Norway,Kaggle Sticker,KaggleRama,2092
3251,2018,1,3,Norway,Kaggle Sticker,KaggleRama,2272
3341,2018,2,3,Norway,Kaggle Sticker,KaggleRama,2201
3413,2018,3,3,Norway,Kaggle Sticker,KaggleRama,2196
3503,2018,4,3,Norway,Kaggle Sticker,KaggleRama,2278
3593,2018,5,3,Norway,Kaggle Sticker,KaggleRama,2549
3683,2018,6,3,Norway,Kaggle Sticker,KaggleRama,2231
3773,2018,7,3,Norway,Kaggle Sticker,KaggleRama,2233
3863,2018,8,3,Norway,Kaggle Sticker,KaggleRama,2231
3953,2018,9,3,Norway,Kaggle Sticker,KaggleRama,2163
4043,2018,10,3,Norway,Kaggle Sticker,KaggleRama,2164
4133,2018,11,3,Norway,Kaggle Sticker,KaggleRama,2192
4223,2018,12,3,Norway,Kaggle Sticker,KaggleRama,2191
