,year,month,week,country,product,store,num_sold
0,2015,1,1,Finland,Kaggle Hat,KaggleMart,3201
90,2015,2,1,Finland,Kaggle Hat,KaggleMart,2476
162,2015,3,1,Finland,Kaggle Hat,KaggleMart,2596
252,2015,4,1,Finland,Kaggle Hat,KaggleMart,2912
342,2015,5,1,Finland,Kaggle Hat,KaggleMart,2836
432,2015,6,1,Finland,Kaggle Hat,KaggleMart,2398
522,2015,7,1,Finland,Kaggle Hat,KaggleMart,2166
612,2015,8,1,Finland,Kaggle Hat,KaggleMart,1977
702,2015,9,1,Finland,Kaggle Hat,KaggleMart,1739
792,2015,10,1,Finland,Kaggle Hat,KaggleMart,1627
882,2015,11,1,Finland,Kaggle Hat,KaggleMart,1959
972,2015,12,1,Finland,Kaggle Hat,KaggleMart,1969
1062,2016,1,1,Finland,Kaggle Hat,KaggleMart,3013
1152,2016,2,1,Finland,Kaggle Hat,KaggleMart,2506
1242,2016,3,1,Finland,Kaggle Hat,KaggleMart,2763
1332,2016,4,1,Finland,Kaggle Hat,KaggleMart,3238
1422,2016,5,1,Finland,Kaggle Hat,KaggleMart,3084
1512,2016,6,1,Finland,Kaggle Hat,KaggleMart,2459
1602,2016,7,1,Finland,Kaggle Hat,KaggleMart,2403
1692,2016,8,1,Finland,Kaggle Hat,KaggleMart,2029
1782,2016,9,1,Finland,Kaggle Hat,KaggleMart,1856
1872,2016,10,1,Finland,Kaggle Hat,KaggleMart,1876
1962,2016,11,1,Finland,Kaggle Hat,KaggleMart,1947
2052,2016,12,1,Finland,Kaggle Hat,KaggleMart,2026
2142,2017,1,1,Finland,Kaggle Hat,KaggleMart,3149
2232,2017,2,1,Finland,Kaggle Hat,KaggleMart,2706
2304,2017,3,1,Finland,Kaggle Hat,KaggleMart,2844
2394,2017,4,1,Finland,Kaggle Hat,KaggleMart,2996
2484,2017,5,1,Finland,Kaggle Hat,KaggleMart,3125
2574,2017,6,1,Finland,Kaggle Hat,KaggleMart,2765
2664,2017,7,1,Finland,Kaggle Hat,KaggleMart,2578
2754,2017,8,1,Finland,Kaggle Hat,KaggleMart,2251
2844,2017,9,1,Finland,Kaggle Hat,KaggleMart,2060
2934,2017,10,1,Finland,Kaggle Hat,KaggleMart,1974
3024,2017,11,1,Finland,Kaggle Hat,KaggleMart,2212
3114,2017,12,1,Finland,Kaggle Hat,KaggleMart,2398
3204,2018,1,1,Finland,Kaggle Hat,KaggleMart,3477
3294,2018,2,1,Finland,Kaggle Hat,KaggleMart,3000
3366,2018,3,1,Finland,Kaggle Hat,KaggleMart,3268
3456,2018,4,1,Finland,Kaggle Hat,KaggleMart,4314
3546,2018,5,1,Finland,Kaggle Hat,KaggleMart,3533
3636,2018,6,1,Finland,Kaggle Hat,KaggleMart,2977
3726,2018,7,1,Finland,Kaggle Hat,KaggleMart,2728
3816,2018,8,1,Finland,Kaggle Hat,KaggleMart,2377
3906,2018,9,1,Finland,Kaggle Hat,KaggleMart,2118
3996,2018,10,1,Finland,Kaggle Hat,KaggleMart,2046
4086,2018,11,1,Finland,Kaggle Hat,KaggleMart,2321
4176,2018,12,1,Finland,Kaggle Hat,KaggleMart,2400
