,year,month,week,country,product,store,num_sold
50,2015,1,3,Sweden,Kaggle Mug,KaggleMart,1607
140,2015,2,3,Sweden,Kaggle Mug,KaggleMart,1700
212,2015,3,3,Sweden,Kaggle Mug,KaggleMart,1547
302,2015,4,3,Sweden,Kaggle Mug,KaggleMart,1391
392,2015,5,3,Sweden,Kaggle Mug,KaggleMart,1460
482,2015,6,3,Sweden,Kaggle Mug,KaggleMart,1327
572,2015,7,3,Sweden,Kaggle Mug,KaggleMart,1247
662,2015,8,3,Sweden,Kaggle Mug,KaggleMart,1346
752,2015,9,3,Sweden,Kaggle Mug,KaggleMart,1457
842,2015,10,3,Sweden,Kaggle Mug,KaggleMart,1544
932,2015,11,3,Sweden,Kaggle Mug,KaggleMart,1671
1022,2015,12,3,Sweden,Kaggle Mug,KaggleMart,1680
1112,2016,1,3,Sweden,Kaggle Mug,KaggleMart,1743
1202,2016,2,3,Sweden,Kaggle Mug,KaggleMart,1663
1292,2016,3,3,Sweden,Kaggle Mug,KaggleMart,1567
1382,2016,4,3,Sweden,Kaggle Mug,KaggleMart,1451
1472,2016,5,3,Sweden,Kaggle Mug,KaggleMart,1436
1562,2016,6,3,Sweden,Kaggle Mug,KaggleMart,1306
1652,2016,7,3,Sweden,Kaggle Mug,KaggleMart,1266
1742,2016,8,3,Sweden,Kaggle Mug,KaggleMart,1338
1832,2016,9,3,Sweden,Kaggle Mug,KaggleMart,1449
1922,2016,10,3,Sweden,Kaggle Mug,KaggleMart,1555
2012,2016,11,3,Sweden,Kaggle Mug,KaggleMart,1670
2102,2016,12,3,Sweden,Kaggle Mug,KaggleMart,1748
2192,2017,1,3,Sweden,Kaggle Mug,KaggleMart,1885
2282,2017,2,3,Sweden,Kaggle Mug,KaggleMart,1773
2354,2017,3,3,Sweden,Kaggle Mug,KaggleMart,1640
2444,2017,4,3,Sweden,Kaggle Mug,KaggleMart,1869
2534,2017,5,3,Sweden,Kaggle Mug,KaggleMart,1421
2624,2017,6,3,Sweden,Kaggle Mug,KaggleMart,1356
2714,2017,7,3,Sweden,Kaggle Mug,KaggleMart,1427
2804,2017,8,3,Sweden,Kaggle Mug,KaggleMart,1504
2894,2017,9,3,Sweden,Kaggle Mug,KaggleMart,1587
2984,2017,10,3,Sweden,Kaggle Mug,KaggleMart,1717
3074,2017,11,3,Sweden,Kaggle Mug,KaggleMart,1855
3164,2017,12,3,Sweden,Kaggle Mug,KaggleMart,1927
3254,2018,1,3,Sweden,Kaggle Mug,KaggleMart,1910
3344,2018,2,3,Sweden,Kaggle Mug,KaggleMart,1807
3416,2018,3,3,Sweden,Kaggle Mug,KaggleMart,1706
3506,2018,4,3,Sweden,Kaggle Mug,KaggleMart,1552
3596,2018,5,3,Sweden,Kaggle Mug,KaggleMart,1578
3686,2018,6,3,Sweden,Kaggle Mug,KaggleMart,1420
3776,2018,7,3,Sweden,Kaggle Mug,KaggleMart,1426
3866,2018,8,3,Sweden,Kaggle Mug,KaggleMart,1485
3956,2018,9,3,Sweden,Kaggle Mug,KaggleMart,1668
4046,2018,10,3,Sweden,Kaggle Mug,KaggleMart,1745
4136,2018,11,3,Sweden,Kaggle Mug,KaggleMart,1812
4226,2018,12,3,Sweden,Kaggle Mug,KaggleMart,1919
