,year,month,week,country,product,store,num_sold
40,2015,1,3,Finland,Kaggle Sticker,KaggleMart,614
130,2015,2,3,Finland,Kaggle Sticker,KaggleMart,612
202,2015,3,3,Finland,Kaggle Sticker,KaggleMart,632
292,2015,4,3,Finland,Kaggle Sticker,KaggleMart,629
382,2015,5,3,Finland,Kaggle Sticker,KaggleMart,691
472,2015,6,3,Finland,Kaggle Sticker,KaggleMart,643
562,2015,7,3,Finland,Kaggle Sticker,KaggleMart,611
652,2015,8,3,Finland,Kaggle Sticker,KaggleMart,635
742,2015,9,3,Finland,Kaggle Sticker,KaggleMart,621
832,2015,10,3,Finland,Kaggle Sticker,KaggleMart,634
922,2015,11,3,Finland,Kaggle Sticker,KaggleMart,617
1012,2015,12,3,Finland,Kaggle Sticker,KaggleMart,622
1102,2016,1,3,Finland,Kaggle Sticker,KaggleMart,674
1192,2016,2,3,Finland,Kaggle Sticker,KaggleMart,629
1282,2016,3,3,Finland,Kaggle Sticker,KaggleMart,654
1372,2016,4,3,Finland,Kaggle Sticker,KaggleMart,668
1462,2016,5,3,Finland,Kaggle Sticker,KaggleMart,706
1552,2016,6,3,Finland,Kaggle Sticker,KaggleMart,626
1642,2016,7,3,Finland,Kaggle Sticker,KaggleMart,640
1732,2016,8,3,Finland,Kaggle Sticker,KaggleMart,643
1822,2016,9,3,Finland,Kaggle Sticker,KaggleMart,656
1912,2016,10,3,Finland,Kaggle Sticker,KaggleMart,667
2002,2016,11,3,Finland,Kaggle Sticker,KaggleMart,661
2092,2016,12,3,Finland,Kaggle Sticker,KaggleMart,666
2182,2017,1,3,Finland,Kaggle Sticker,KaggleMart,699
2272,2017,2,3,Finland,Kaggle Sticker,KaggleMart,703
2344,2017,3,3,Finland,Kaggle Sticker,KaggleMart,705
2434,2017,4,3,Finland,Kaggle Sticker,KaggleMart,861
2524,2017,5,3,Finland,Kaggle Sticker,KaggleMart,725
2614,2017,6,3,Finland,Kaggle Sticker,KaggleMart,690
2704,2017,7,3,Finland,Kaggle Sticker,KaggleMart,713
2794,2017,8,3,Finland,Kaggle Sticker,KaggleMart,713
2884,2017,9,3,Finland,Kaggle Sticker,KaggleMart,710
2974,2017,10,3,Finland,Kaggle Sticker,KaggleMart,702
3064,2017,11,3,Finland,Kaggle Sticker,KaggleMart,737
3154,2017,12,3,Finland,Kaggle Sticker,KaggleMart,738
3244,2018,1,3,Finland,Kaggle Sticker,KaggleMart,808
3334,2018,2,3,Finland,Kaggle Sticker,KaggleMart,757
3406,2018,3,3,Finland,Kaggle Sticker,KaggleMart,779
3496,2018,4,3,Finland,Kaggle Sticker,KaggleMart,757
3586,2018,5,3,Finland,Kaggle Sticker,KaggleMart,831
3676,2018,6,3,Finland,Kaggle Sticker,KaggleMart,784
3766,2018,7,3,Finland,Kaggle Sticker,KaggleMart,761
3856,2018,8,3,Finland,Kaggle Sticker,KaggleMart,798
3946,2018,9,3,Finland,Kaggle Sticker,KaggleMart,772
4036,2018,10,3,Finland,Kaggle Sticker,KaggleMart,769
4126,2018,11,3,Finland,Kaggle Sticker,KaggleMart,744
4216,2018,12,3,Finland,Kaggle Sticker,KaggleMart,746
