,year,month,week,country,product,store,num_sold
86,2015,1,5,Sweden,Kaggle Mug,KaggleMart,727
248,2015,3,5,Sweden,Kaggle Mug,KaggleMart,655
338,2015,4,5,Sweden,Kaggle Mug,KaggleMart,355
428,2015,5,5,Sweden,Kaggle Mug,KaggleMart,678
518,2015,6,5,Sweden,Kaggle Mug,KaggleMart,331
608,2015,7,5,Sweden,Kaggle Mug,KaggleMart,509
698,2015,8,5,Sweden,Kaggle Mug,KaggleMart,659
788,2015,9,5,Sweden,Kaggle Mug,KaggleMart,375
878,2015,10,5,Sweden,Kaggle Mug,KaggleMart,694
968,2015,11,5,Sweden,Kaggle Mug,KaggleMart,487
1058,2015,12,5,Sweden,Kaggle Mug,KaggleMart,1585
1148,2016,1,5,Sweden,Kaggle Mug,KaggleMart,806
1238,2016,2,5,Sweden,Kaggle Mug,KaggleMart,211
1328,2016,3,5,Sweden,Kaggle Mug,KaggleMart,856
1418,2016,4,5,Sweden,Kaggle Mug,KaggleMart,415
1508,2016,5,5,Sweden,Kaggle Mug,KaggleMart,534
1598,2016,6,5,Sweden,Kaggle Mug,KaggleMart,454
1688,2016,7,5,Sweden,Kaggle Mug,KaggleMart,611
1778,2016,8,5,Sweden,Kaggle Mug,KaggleMart,575
1868,2016,9,5,Sweden,Kaggle Mug,KaggleMart,396
1958,2016,10,5,Sweden,Kaggle Mug,KaggleMart,756
2048,2016,11,5,Sweden,Kaggle Mug,KaggleMart,456
2138,2016,12,5,Sweden,Kaggle Mug,KaggleMart,1810
2228,2017,1,5,Sweden,Kaggle Mug,KaggleMart,758
2390,2017,3,5,Sweden,Kaggle Mug,KaggleMart,635
2480,2017,4,5,Sweden,Kaggle Mug,KaggleMart,530
2570,2017,5,5,Sweden,Kaggle Mug,KaggleMart,645
2660,2017,6,5,Sweden,Kaggle Mug,KaggleMart,465
2750,2017,7,5,Sweden,Kaggle Mug,KaggleMart,605
2840,2017,8,5,Sweden,Kaggle Mug,KaggleMart,584
2930,2017,9,5,Sweden,Kaggle Mug,KaggleMart,490
3020,2017,10,5,Sweden,Kaggle Mug,KaggleMart,758
3110,2017,11,5,Sweden,Kaggle Mug,KaggleMart,483
3200,2017,12,5,Sweden,Kaggle Mug,KaggleMart,2046
3290,2018,1,5,Sweden,Kaggle Mug,KaggleMart,762
3452,2018,3,5,Sweden,Kaggle Mug,KaggleMart,741
3542,2018,4,5,Sweden,Kaggle Mug,KaggleMart,463
3632,2018,5,5,Sweden,Kaggle Mug,KaggleMart,600
3722,2018,6,5,Sweden,Kaggle Mug,KaggleMart,472
3812,2018,7,5,Sweden,Kaggle Mug,KaggleMart,599
3902,2018,8,5,Sweden,Kaggle Mug,KaggleMart,657
3992,2018,9,5,Sweden,Kaggle Mug,KaggleMart,555
4082,2018,10,5,Sweden,Kaggle Mug,KaggleMart,705
4172,2018,11,5,Sweden,Kaggle Mug,KaggleMart,497
4262,2018,12,5,Sweden,Kaggle Mug,KaggleMart,2020
