,year,month,week,country,product,store,num_sold
56,2015,1,4,Finland,Kaggle Mug,KaggleMart,1358
146,2015,2,4,Finland,Kaggle Mug,KaggleMart,1292
218,2015,3,4,Finland,Kaggle Mug,KaggleMart,1250
308,2015,4,4,Finland,Kaggle Mug,KaggleMart,1207
398,2015,5,4,Finland,Kaggle Mug,KaggleMart,1168
488,2015,6,4,Finland,Kaggle Mug,KaggleMart,1263
578,2015,7,4,Finland,Kaggle Mug,KaggleMart,1062
668,2015,8,4,Finland,Kaggle Mug,KaggleMart,1119
758,2015,9,4,Finland,Kaggle Mug,KaggleMart,1224
848,2015,10,4,Finland,Kaggle Mug,KaggleMart,1349
938,2015,11,4,Finland,Kaggle Mug,KaggleMart,1359
1028,2015,12,4,Finland,Kaggle Mug,KaggleMart,1962
1118,2016,1,4,Finland,Kaggle Mug,KaggleMart,1516
1208,2016,2,4,Finland,Kaggle Mug,KaggleMart,1376
1298,2016,3,4,Finland,Kaggle Mug,KaggleMart,1375
1388,2016,4,4,Finland,Kaggle Mug,KaggleMart,1199
1478,2016,5,4,Finland,Kaggle Mug,KaggleMart,1159
1568,2016,6,4,Finland,Kaggle Mug,KaggleMart,1197
1658,2016,7,4,Finland,Kaggle Mug,KaggleMart,1121
1748,2016,8,4,Finland,Kaggle Mug,KaggleMart,1205
1838,2016,9,4,Finland,Kaggle Mug,KaggleMart,1260
1928,2016,10,4,Finland,Kaggle Mug,KaggleMart,1343
2018,2016,11,4,Finland,Kaggle Mug,KaggleMart,1452
2108,2016,12,4,Finland,Kaggle Mug,KaggleMart,1962
2198,2017,1,4,Finland,Kaggle Mug,KaggleMart,1494
2288,2017,2,4,Finland,Kaggle Mug,KaggleMart,1516
2360,2017,3,4,Finland,Kaggle Mug,KaggleMart,1445
2450,2017,4,4,Finland,Kaggle Mug,KaggleMart,1435
2540,2017,5,4,Finland,Kaggle Mug,KaggleMart,1281
2630,2017,6,4,Finland,Kaggle Mug,KaggleMart,1316
2720,2017,7,4,Finland,Kaggle Mug,KaggleMart,1229
2810,2017,8,4,Finland,Kaggle Mug,KaggleMart,1292
2900,2017,9,4,Finland,Kaggle Mug,KaggleMart,1431
2990,2017,10,4,Finland,Kaggle Mug,KaggleMart,1467
3080,2017,11,4,Finland,Kaggle Mug,KaggleMart,1614
3170,2017,12,4,Finland,Kaggle Mug,KaggleMart,2165
3260,2018,1,4,Finland,Kaggle Mug,KaggleMart,1728
3350,2018,2,4,Finland,Kaggle Mug,KaggleMart,1634
3422,2018,3,4,Finland,Kaggle Mug,KaggleMart,1525
3512,2018,4,4,Finland,Kaggle Mug,KaggleMart,1428
3602,2018,5,4,Finland,Kaggle Mug,KaggleMart,1488
3692,2018,6,4,Finland,Kaggle Mug,KaggleMart,1543
3782,2018,7,4,Finland,Kaggle Mug,KaggleMart,1311
3872,2018,8,4,Finland,Kaggle Mug,KaggleMart,1435
3962,2018,9,4,Finland,Kaggle Mug,KaggleMart,1493
4052,2018,10,4,Finland,Kaggle Mug,KaggleMart,1627
4142,2018,11,4,Finland,Kaggle Mug,KaggleMart,1730
4232,2018,12,4,Finland,Kaggle Mug,KaggleMart,2316
