,year,month,week,country,product,store,num_sold
52,2015,1,3,Sweden,Kaggle Sticker,KaggleMart,732
142,2015,2,3,Sweden,Kaggle Sticker,KaggleMart,744
214,2015,3,3,Sweden,Kaggle Sticker,KaggleMart,774
304,2015,4,3,Sweden,Kaggle Sticker,KaggleMart,753
394,2015,5,3,Sweden,Kaggle Sticker,KaggleMart,831
484,2015,6,3,Sweden,Kaggle Sticker,KaggleMart,772
574,2015,7,3,Sweden,Kaggle Sticker,KaggleMart,730
664,2015,8,3,Sweden,Kaggle Sticker,KaggleMart,764
754,2015,9,3,Sweden,Kaggle Sticker,KaggleMart,759
844,2015,10,3,Sweden,Kaggle Sticker,KaggleMart,749
934,2015,11,3,Sweden,Kaggle Sticker,KaggleMart,755
1024,2015,12,3,Sweden,Kaggle Sticker,KaggleMart,730
1114,2016,1,3,Sweden,Kaggle Sticker,KaggleMart,780
1204,2016,2,3,Sweden,Kaggle Sticker,KaggleMart,766
1294,2016,3,3,Sweden,Kaggle Sticker,KaggleMart,741
1384,2016,4,3,Sweden,Kaggle Sticker,KaggleMart,784
1474,2016,5,3,Sweden,Kaggle Sticker,KaggleMart,820
1564,2016,6,3,Sweden,Kaggle Sticker,KaggleMart,764
1654,2016,7,3,Sweden,Kaggle Sticker,KaggleMart,781
1744,2016,8,3,Sweden,Kaggle Sticker,KaggleMart,778
1834,2016,9,3,Sweden,Kaggle Sticker,KaggleMart,787
1924,2016,10,3,Sweden,Kaggle Sticker,KaggleMart,793
2014,2016,11,3,Sweden,Kaggle Sticker,KaggleMart,760
2104,2016,12,3,Sweden,Kaggle Sticker,KaggleMart,760
2194,2017,1,3,Sweden,Kaggle Sticker,KaggleMart,812
2284,2017,2,3,Sweden,Kaggle Sticker,KaggleMart,797
2356,2017,3,3,Sweden,Kaggle Sticker,KaggleMart,792
2446,2017,4,3,Sweden,Kaggle Sticker,KaggleMart,978
2536,2017,5,3,Sweden,Kaggle Sticker,KaggleMart,808
2626,2017,6,3,Sweden,Kaggle Sticker,KaggleMart,822
2716,2017,7,3,Sweden,Kaggle Sticker,KaggleMart,834
2806,2017,8,3,Sweden,Kaggle Sticker,KaggleMart,830
2896,2017,9,3,Sweden,Kaggle Sticker,KaggleMart,810
2986,2017,10,3,Sweden,Kaggle Sticker,KaggleMart,835
3076,2017,11,3,Sweden,Kaggle Sticker,KaggleMart,834
3166,2017,12,3,Sweden,Kaggle Sticker,KaggleMart,856
3256,2018,1,3,Sweden,Kaggle Sticker,KaggleMart,854
3346,2018,2,3,Sweden,Kaggle Sticker,KaggleMart,821
3418,2018,3,3,Sweden,Kaggle Sticker,KaggleMart,848
3508,2018,4,3,Sweden,Kaggle Sticker,KaggleMart,846
3598,2018,5,3,Sweden,Kaggle Sticker,KaggleMart,888
3688,2018,6,3,Sweden,Kaggle Sticker,KaggleMart,834
3778,2018,7,3,Sweden,Kaggle Sticker,KaggleMart,838
3868,2018,8,3,Sweden,Kaggle Sticker,KaggleMart,882
3958,2018,9,3,Sweden,Kaggle Sticker,KaggleMart,832
4048,2018,10,3,Sweden,Kaggle Sticker,KaggleMart,840
4138,2018,11,3,Sweden,Kaggle Sticker,KaggleMart,823
4228,2018,12,3,Sweden,Kaggle Sticker,KaggleMart,855
