,year,month,week,country,product,store,num_sold
66,2015,1,4,Sweden,Kaggle Hat,KaggleMart,2860
156,2015,2,4,Sweden,Kaggle Hat,KaggleMart,3155
228,2015,3,4,Sweden,Kaggle Hat,KaggleMart,3288
318,2015,4,4,Sweden,Kaggle Hat,KaggleMart,3117
408,2015,5,4,Sweden,Kaggle Hat,KaggleMart,3171
498,2015,6,4,Sweden,Kaggle Hat,KaggleMart,3298
588,2015,7,4,Sweden,Kaggle Hat,KaggleMart,2464
678,2015,8,4,Sweden,Kaggle Hat,KaggleMart,2179
768,2015,9,4,Sweden,Kaggle Hat,KaggleMart,2065
858,2015,10,4,Sweden,Kaggle Hat,KaggleMart,2138
948,2015,11,4,Sweden,Kaggle Hat,KaggleMart,2340
1038,2015,12,4,Sweden,Kaggle Hat,KaggleMart,3590
1128,2016,1,4,Sweden,Kaggle Hat,KaggleMart,2946
1218,2016,2,4,Sweden,Kaggle Hat,KaggleMart,3151
1308,2016,3,4,Sweden,Kaggle Hat,KaggleMart,3431
1398,2016,4,4,Sweden,Kaggle Hat,KaggleMart,3268
1488,2016,5,4,Sweden,Kaggle Hat,KaggleMart,2948
1578,2016,6,4,Sweden,Kaggle Hat,KaggleMart,3029
1668,2016,7,4,Sweden,Kaggle Hat,KaggleMart,2452
1758,2016,8,4,Sweden,Kaggle Hat,KaggleMart,2234
1848,2016,9,4,Sweden,Kaggle Hat,KaggleMart,2093
1938,2016,10,4,Sweden,Kaggle Hat,KaggleMart,2206
2028,2016,11,4,Sweden,Kaggle Hat,KaggleMart,2362
2118,2016,12,4,Sweden,Kaggle Hat,KaggleMart,3478
2208,2017,1,4,Sweden,Kaggle Hat,KaggleMart,3009
2298,2017,2,4,Sweden,Kaggle Hat,KaggleMart,3347
2370,2017,3,4,Sweden,Kaggle Hat,KaggleMart,3456
2460,2017,4,4,Sweden,Kaggle Hat,KaggleMart,3778
2550,2017,5,4,Sweden,Kaggle Hat,KaggleMart,3353
2640,2017,6,4,Sweden,Kaggle Hat,KaggleMart,3286
2730,2017,7,4,Sweden,Kaggle Hat,KaggleMart,2675
2820,2017,8,4,Sweden,Kaggle Hat,KaggleMart,2368
2910,2017,9,4,Sweden,Kaggle Hat,KaggleMart,2280
3000,2017,10,4,Sweden,Kaggle Hat,KaggleMart,2321
3090,2017,11,4,Sweden,Kaggle Hat,KaggleMart,2594
3180,2017,12,4,Sweden,Kaggle Hat,KaggleMart,3748
3270,2018,1,4,Sweden,Kaggle Hat,KaggleMart,3192
3360,2018,2,4,Sweden,Kaggle Hat,KaggleMart,3415
3432,2018,3,4,Sweden,Kaggle Hat,KaggleMart,3607
3522,2018,4,4,Sweden,Kaggle Hat,KaggleMart,3540
3612,2018,5,4,Sweden,Kaggle Hat,KaggleMart,3721
3702,2018,6,4,Sweden,Kaggle Hat,KaggleMart,3532
3792,2018,7,4,Sweden,Kaggle Hat,KaggleMart,2663
3882,2018,8,4,Sweden,Kaggle Hat,KaggleMart,2497
3972,2018,9,4,Sweden,Kaggle Hat,KaggleMart,2329
4062,2018,10,4,Sweden,Kaggle Hat,KaggleMart,2360
4152,2018,11,4,Sweden,Kaggle Hat,KaggleMart,2578
4242,2018,12,4,Sweden,Kaggle Hat,KaggleMart,3807
