,year,month,week,country,product,store,num_sold
74,2015,1,5,Finland,Kaggle Mug,KaggleMart,597
236,2015,3,5,Finland,Kaggle Mug,KaggleMart,562
326,2015,4,5,Finland,Kaggle Mug,KaggleMart,304
416,2015,5,5,Finland,Kaggle Mug,KaggleMart,578
506,2015,6,5,Finland,Kaggle Mug,KaggleMart,268
596,2015,7,5,Finland,Kaggle Mug,KaggleMart,447
686,2015,8,5,Finland,Kaggle Mug,KaggleMart,514
776,2015,9,5,Finland,Kaggle Mug,KaggleMart,333
866,2015,10,5,Finland,Kaggle Mug,KaggleMart,581
956,2015,11,5,Finland,Kaggle Mug,KaggleMart,423
1046,2015,12,5,Finland,Kaggle Mug,KaggleMart,1365
1136,2016,1,5,Finland,Kaggle Mug,KaggleMart,679
1226,2016,2,5,Finland,Kaggle Mug,KaggleMart,178
1316,2016,3,5,Finland,Kaggle Mug,KaggleMart,669
1406,2016,4,5,Finland,Kaggle Mug,KaggleMart,355
1496,2016,5,5,Finland,Kaggle Mug,KaggleMart,479
1586,2016,6,5,Finland,Kaggle Mug,KaggleMart,386
1676,2016,7,5,Finland,Kaggle Mug,KaggleMart,498
1766,2016,8,5,Finland,Kaggle Mug,KaggleMart,462
1856,2016,9,5,Finland,Kaggle Mug,KaggleMart,346
1946,2016,10,5,Finland,Kaggle Mug,KaggleMart,641
2036,2016,11,5,Finland,Kaggle Mug,KaggleMart,385
2126,2016,12,5,Finland,Kaggle Mug,KaggleMart,1536
2216,2017,1,5,Finland,Kaggle Mug,KaggleMart,660
2378,2017,3,5,Finland,Kaggle Mug,KaggleMart,564
2468,2017,4,5,Finland,Kaggle Mug,KaggleMart,429
2558,2017,5,5,Finland,Kaggle Mug,KaggleMart,547
2648,2017,6,5,Finland,Kaggle Mug,KaggleMart,405
2738,2017,7,5,Finland,Kaggle Mug,KaggleMart,589
2828,2017,8,5,Finland,Kaggle Mug,KaggleMart,533
2918,2017,9,5,Finland,Kaggle Mug,KaggleMart,382
3008,2017,10,5,Finland,Kaggle Mug,KaggleMart,604
3098,2017,11,5,Finland,Kaggle Mug,KaggleMart,438
3188,2017,12,5,Finland,Kaggle Mug,KaggleMart,1830
3278,2018,1,5,Finland,Kaggle Mug,KaggleMart,691
3440,2018,3,5,Finland,Kaggle Mug,KaggleMart,674
3530,2018,4,5,Finland,Kaggle Mug,KaggleMart,450
3620,2018,5,5,Finland,Kaggle Mug,KaggleMart,526
3710,2018,6,5,Finland,Kaggle Mug,KaggleMart,477
3800,2018,7,5,Finland,Kaggle Mug,KaggleMart,554
3890,2018,8,5,Finland,Kaggle Mug,KaggleMart,580
3980,2018,9,5,Finland,Kaggle Mug,KaggleMart,504
4070,2018,10,5,Finland,Kaggle Mug,KaggleMart,639
4160,2018,11,5,Finland,Kaggle Mug,KaggleMart,479
4250,2018,12,5,Finland,Kaggle Mug,KaggleMart,2000
