,year,month,week,country,product,store,num_sold
9,2015,1,1,Norway,Kaggle Mug,KaggleRama,6013
99,2015,2,1,Norway,Kaggle Mug,KaggleRama,4159
171,2015,3,1,Norway,Kaggle Mug,KaggleRama,4063
261,2015,4,1,Norway,Kaggle Mug,KaggleRama,4301
351,2015,5,1,Norway,Kaggle Mug,KaggleRama,3874
441,2015,6,1,Norway,Kaggle Mug,KaggleRama,3235
531,2015,7,1,Norway,Kaggle Mug,KaggleRama,3266
621,2015,8,1,Norway,Kaggle Mug,KaggleRama,3265
711,2015,9,1,Norway,Kaggle Mug,KaggleRama,3513
801,2015,10,1,Norway,Kaggle Mug,KaggleRama,3760
891,2015,11,1,Norway,Kaggle Mug,KaggleRama,4076
981,2015,12,1,Norway,Kaggle Mug,KaggleRama,4204
1071,2016,1,1,Norway,Kaggle Mug,KaggleRama,5393
1161,2016,2,1,Norway,Kaggle Mug,KaggleRama,4198
1251,2016,3,1,Norway,Kaggle Mug,KaggleRama,3877
1341,2016,4,1,Norway,Kaggle Mug,KaggleRama,4286
1431,2016,5,1,Norway,Kaggle Mug,KaggleRama,3728
1521,2016,6,1,Norway,Kaggle Mug,KaggleRama,3046
1611,2016,7,1,Norway,Kaggle Mug,KaggleRama,3006
1701,2016,8,1,Norway,Kaggle Mug,KaggleRama,3067
1791,2016,9,1,Norway,Kaggle Mug,KaggleRama,3297
1881,2016,10,1,Norway,Kaggle Mug,KaggleRama,3689
1971,2016,11,1,Norway,Kaggle Mug,KaggleRama,3905
2061,2016,12,1,Norway,Kaggle Mug,KaggleRama,4056
2151,2017,1,1,Norway,Kaggle Mug,KaggleRama,5489
2241,2017,2,1,Norway,Kaggle Mug,KaggleRama,4418
2313,2017,3,1,Norway,Kaggle Mug,KaggleRama,4223
2403,2017,4,1,Norway,Kaggle Mug,KaggleRama,4061
2493,2017,5,1,Norway,Kaggle Mug,KaggleRama,3979
2583,2017,6,1,Norway,Kaggle Mug,KaggleRama,3640
2673,2017,7,1,Norway,Kaggle Mug,KaggleRama,3426
2763,2017,8,1,Norway,Kaggle Mug,KaggleRama,3492
2853,2017,9,1,Norway,Kaggle Mug,KaggleRama,3776
2943,2017,10,1,Norway,Kaggle Mug,KaggleRama,4071
3033,2017,11,1,Norway,Kaggle Mug,KaggleRama,4410
3123,2017,12,1,Norway,Kaggle Mug,KaggleRama,4475
3213,2018,1,1,Norway,Kaggle Mug,KaggleRama,6271
3303,2018,2,1,Norway,Kaggle Mug,KaggleRama,4895
3375,2018,3,1,Norway,Kaggle Mug,KaggleRama,4770
3465,2018,4,1,Norway,Kaggle Mug,KaggleRama,5820
3555,2018,5,1,Norway,Kaggle Mug,KaggleRama,4459
3645,2018,6,1,Norway,Kaggle Mug,KaggleRama,3960
3735,2018,7,1,Norway,Kaggle Mug,KaggleRama,3789
3825,2018,8,1,Norway,Kaggle Mug,KaggleRama,3860
3915,2018,9,1,Norway,Kaggle Mug,KaggleRama,4047
4005,2018,10,1,Norway,Kaggle Mug,KaggleRama,4374
4095,2018,11,1,Norway,Kaggle Mug,KaggleRama,4703
4185,2018,12,1,Norway,Kaggle Mug,KaggleRama,4920
