,year,month,week,country,product,store,num_sold
24,2015,1,2,Norway,Kaggle Hat,KaggleMart,3858
114,2015,2,2,Norway,Kaggle Hat,KaggleMart,4324
186,2015,3,2,Norway,Kaggle Hat,KaggleMart,4647
276,2015,4,2,Norway,Kaggle Hat,KaggleMart,6144
366,2015,5,2,Norway,Kaggle Hat,KaggleMart,4587
456,2015,6,2,Norway,Kaggle Hat,KaggleMart,4152
546,2015,7,2,Norway,Kaggle Hat,KaggleMart,3716
636,2015,8,2,Norway,Kaggle Hat,KaggleMart,3292
726,2015,9,2,Norway,Kaggle Hat,KaggleMart,3085
816,2015,10,2,Norway,Kaggle Hat,KaggleMart,2972
906,2015,11,2,Norway,Kaggle Hat,KaggleMart,3206
996,2015,12,2,Norway,Kaggle Hat,KaggleMart,3492
1086,2016,1,2,Norway,Kaggle Hat,KaggleMart,3880
1176,2016,2,2,Norway,Kaggle Hat,KaggleMart,4327
1266,2016,3,2,Norway,Kaggle Hat,KaggleMart,4427
1356,2016,4,2,Norway,Kaggle Hat,KaggleMart,4436
1446,2016,5,2,Norway,Kaggle Hat,KaggleMart,4808
1536,2016,6,2,Norway,Kaggle Hat,KaggleMart,4010
1626,2016,7,2,Norway,Kaggle Hat,KaggleMart,3412
1716,2016,8,2,Norway,Kaggle Hat,KaggleMart,3102
1806,2016,9,2,Norway,Kaggle Hat,KaggleMart,2929
1896,2016,10,2,Norway,Kaggle Hat,KaggleMart,2936
1986,2016,11,2,Norway,Kaggle Hat,KaggleMart,3122
2076,2016,12,2,Norway,Kaggle Hat,KaggleMart,3344
2166,2017,1,2,Norway,Kaggle Hat,KaggleMart,4164
2256,2017,2,2,Norway,Kaggle Hat,KaggleMart,4512
2328,2017,3,2,Norway,Kaggle Hat,KaggleMart,4829
2418,2017,4,2,Norway,Kaggle Hat,KaggleMart,4942
2508,2017,5,2,Norway,Kaggle Hat,KaggleMart,4882
2598,2017,6,2,Norway,Kaggle Hat,KaggleMart,5108
2688,2017,7,2,Norway,Kaggle Hat,KaggleMart,3899
2778,2017,8,2,Norway,Kaggle Hat,KaggleMart,3392
2868,2017,9,2,Norway,Kaggle Hat,KaggleMart,3321
2958,2017,10,2,Norway,Kaggle Hat,KaggleMart,3090
3048,2017,11,2,Norway,Kaggle Hat,KaggleMart,3342
3138,2017,12,2,Norway,Kaggle Hat,KaggleMart,3743
3228,2018,1,2,Norway,Kaggle Hat,KaggleMart,4811
3318,2018,2,2,Norway,Kaggle Hat,KaggleMart,5092
3390,2018,3,2,Norway,Kaggle Hat,KaggleMart,5299
3480,2018,4,2,Norway,Kaggle Hat,KaggleMart,5743
3570,2018,5,2,Norway,Kaggle Hat,KaggleMart,5500
3660,2018,6,2,Norway,Kaggle Hat,KaggleMart,4733
3750,2018,7,2,Norway,Kaggle Hat,KaggleMart,4278
3840,2018,8,2,Norway,Kaggle Hat,KaggleMart,3886
3930,2018,9,2,Norway,Kaggle Hat,KaggleMart,3543
4020,2018,10,2,Norway,Kaggle Hat,KaggleMart,3401
4110,2018,11,2,Norway,Kaggle Hat,KaggleMart,3598
4200,2018,12,2,Norway,Kaggle Hat,KaggleMart,4108
