,year,month,week,country,product,store,num_sold
14,2015,1,1,Sweden,Kaggle Mug,KaggleMart,2460
104,2015,2,1,Sweden,Kaggle Mug,KaggleMart,1702
176,2015,3,1,Sweden,Kaggle Mug,KaggleMart,1620
266,2015,4,1,Sweden,Kaggle Mug,KaggleMart,1590
356,2015,5,1,Sweden,Kaggle Mug,KaggleMart,1497
446,2015,6,1,Sweden,Kaggle Mug,KaggleMart,1321
536,2015,7,1,Sweden,Kaggle Mug,KaggleMart,1277
626,2015,8,1,Sweden,Kaggle Mug,KaggleMart,1287
716,2015,9,1,Sweden,Kaggle Mug,KaggleMart,1388
806,2015,10,1,Sweden,Kaggle Mug,KaggleMart,1478
896,2015,11,1,Sweden,Kaggle Mug,KaggleMart,1717
986,2015,12,1,Sweden,Kaggle Mug,KaggleMart,1662
1076,2016,1,1,Sweden,Kaggle Mug,KaggleMart,2357
1166,2016,2,1,Sweden,Kaggle Mug,KaggleMart,1732
1256,2016,3,1,Sweden,Kaggle Mug,KaggleMart,1627
1346,2016,4,1,Sweden,Kaggle Mug,KaggleMart,1690
1436,2016,5,1,Sweden,Kaggle Mug,KaggleMart,1533
1526,2016,6,1,Sweden,Kaggle Mug,KaggleMart,1292
1616,2016,7,1,Sweden,Kaggle Mug,KaggleMart,1364
1706,2016,8,1,Sweden,Kaggle Mug,KaggleMart,1333
1796,2016,9,1,Sweden,Kaggle Mug,KaggleMart,1398
1886,2016,10,1,Sweden,Kaggle Mug,KaggleMart,1577
1976,2016,11,1,Sweden,Kaggle Mug,KaggleMart,1664
2066,2016,12,1,Sweden,Kaggle Mug,KaggleMart,1744
2156,2017,1,1,Sweden,Kaggle Mug,KaggleMart,2550
2246,2017,2,1,Sweden,Kaggle Mug,KaggleMart,1779
2318,2017,3,1,Sweden,Kaggle Mug,KaggleMart,1715
2408,2017,4,1,Sweden,Kaggle Mug,KaggleMart,1643
2498,2017,5,1,Sweden,Kaggle Mug,KaggleMart,1626
2588,2017,6,1,Sweden,Kaggle Mug,KaggleMart,1440
2678,2017,7,1,Sweden,Kaggle Mug,KaggleMart,1446
2768,2017,8,1,Sweden,Kaggle Mug,KaggleMart,1442
2858,2017,9,1,Sweden,Kaggle Mug,KaggleMart,1522
2948,2017,10,1,Sweden,Kaggle Mug,KaggleMart,1684
3038,2017,11,1,Sweden,Kaggle Mug,KaggleMart,1867
3128,2017,12,1,Sweden,Kaggle Mug,KaggleMart,1914
3218,2018,1,1,Sweden,Kaggle Mug,KaggleMart,2557
3308,2018,2,1,Sweden,Kaggle Mug,KaggleMart,1886
3380,2018,3,1,Sweden,Kaggle Mug,KaggleMart,1729
3470,2018,4,1,Sweden,Kaggle Mug,KaggleMart,2146
3560,2018,5,1,Sweden,Kaggle Mug,KaggleMart,1699
3650,2018,6,1,Sweden,Kaggle Mug,KaggleMart,1471
3740,2018,7,1,Sweden,Kaggle Mug,KaggleMart,1414
3830,2018,8,1,Sweden,Kaggle Mug,KaggleMart,1477
3920,2018,9,1,Sweden,Kaggle Mug,KaggleMart,1550
4010,2018,10,1,Sweden,Kaggle Mug,KaggleMart,1695
4100,2018,11,1,Sweden,Kaggle Mug,KaggleMart,1856
4190,2018,12,1,Sweden,Kaggle Mug,KaggleMart,1825
