,year,month,week,country,product,store,num_sold
75,2015,1,5,Finland,Kaggle Mug,KaggleRama,1069
237,2015,3,5,Finland,Kaggle Mug,KaggleRama,944
327,2015,4,5,Finland,Kaggle Mug,KaggleRama,553
417,2015,5,5,Finland,Kaggle Mug,KaggleRama,989
507,2015,6,5,Finland,Kaggle Mug,KaggleRama,476
597,2015,7,5,Finland,Kaggle Mug,KaggleRama,769
687,2015,8,5,Finland,Kaggle Mug,KaggleRama,897
777,2015,9,5,Finland,Kaggle Mug,KaggleRama,590
867,2015,10,5,Finland,Kaggle Mug,KaggleRama,1018
957,2015,11,5,Finland,Kaggle Mug,KaggleRama,757
1047,2015,12,5,Finland,Kaggle Mug,KaggleRama,2279
1137,2016,1,5,Finland,Kaggle Mug,KaggleRama,1224
1227,2016,2,5,Finland,Kaggle Mug,KaggleRama,297
1317,2016,3,5,Finland,Kaggle Mug,KaggleRama,1229
1407,2016,4,5,Finland,Kaggle Mug,KaggleRama,648
1497,2016,5,5,Finland,Kaggle Mug,KaggleRama,835
1587,2016,6,5,Finland,Kaggle Mug,KaggleRama,655
1677,2016,7,5,Finland,Kaggle Mug,KaggleRama,940
1767,2016,8,5,Finland,Kaggle Mug,KaggleRama,816
1857,2016,9,5,Finland,Kaggle Mug,KaggleRama,588
1947,2016,10,5,Finland,Kaggle Mug,KaggleRama,1081
2037,2016,11,5,Finland,Kaggle Mug,KaggleRama,671
2127,2016,12,5,Finland,Kaggle Mug,KaggleRama,2610
2217,2017,1,5,Finland,Kaggle Mug,KaggleRama,1166
2379,2017,3,5,Finland,Kaggle Mug,KaggleRama,987
2469,2017,4,5,Finland,Kaggle Mug,KaggleRama,744
2559,2017,5,5,Finland,Kaggle Mug,KaggleRama,952
2649,2017,6,5,Finland,Kaggle Mug,KaggleRama,671
2739,2017,7,5,Finland,Kaggle Mug,KaggleRama,967
2829,2017,8,5,Finland,Kaggle Mug,KaggleRama,909
2919,2017,9,5,Finland,Kaggle Mug,KaggleRama,701
3009,2017,10,5,Finland,Kaggle Mug,KaggleRama,1163
3099,2017,11,5,Finland,Kaggle Mug,KaggleRama,735
3189,2017,12,5,Finland,Kaggle Mug,KaggleRama,3229
3279,2018,1,5,Finland,Kaggle Mug,KaggleRama,1188
3441,2018,3,5,Finland,Kaggle Mug,KaggleRama,1171
3531,2018,4,5,Finland,Kaggle Mug,KaggleRama,740
3621,2018,5,5,Finland,Kaggle Mug,KaggleRama,921
3711,2018,6,5,Finland,Kaggle Mug,KaggleRama,796
3801,2018,7,5,Finland,Kaggle Mug,KaggleRama,1017
3891,2018,8,5,Finland,Kaggle Mug,KaggleRama,969
3981,2018,9,5,Finland,Kaggle Mug,KaggleRama,876
4071,2018,10,5,Finland,Kaggle Mug,KaggleRama,1140
4161,2018,11,5,Finland,Kaggle Mug,KaggleRama,784
4251,2018,12,5,Finland,Kaggle Mug,KaggleRama,3470
