,year,month,week,country,product,store,num_sold
85,2015,1,5,Sweden,Kaggle Hat,KaggleRama,2227
247,2015,3,5,Sweden,Kaggle Hat,KaggleRama,2430
337,2015,4,5,Sweden,Kaggle Hat,KaggleRama,1492
427,2015,5,5,Sweden,Kaggle Hat,KaggleRama,2663
517,2015,6,5,Sweden,Kaggle Hat,KaggleRama,1400
607,2015,7,5,Sweden,Kaggle Hat,KaggleRama,1723
697,2015,8,5,Sweden,Kaggle Hat,KaggleRama,1671
787,2015,9,5,Sweden,Kaggle Hat,KaggleRama,974
877,2015,10,5,Sweden,Kaggle Hat,KaggleRama,1590
967,2015,11,5,Sweden,Kaggle Hat,KaggleRama,1183
1057,2015,12,5,Sweden,Kaggle Hat,KaggleRama,4361
1147,2016,1,5,Sweden,Kaggle Hat,KaggleRama,2474
1237,2016,2,5,Sweden,Kaggle Hat,KaggleRama,773
1327,2016,3,5,Sweden,Kaggle Hat,KaggleRama,2963
1417,2016,4,5,Sweden,Kaggle Hat,KaggleRama,1747
1507,2016,5,5,Sweden,Kaggle Hat,KaggleRama,2251
1597,2016,6,5,Sweden,Kaggle Hat,KaggleRama,1608
1687,2016,7,5,Sweden,Kaggle Hat,KaggleRama,1962
1777,2016,8,5,Sweden,Kaggle Hat,KaggleRama,1592
1867,2016,9,5,Sweden,Kaggle Hat,KaggleRama,1001
1957,2016,10,5,Sweden,Kaggle Hat,KaggleRama,1789
2047,2016,11,5,Sweden,Kaggle Hat,KaggleRama,1045
2137,2016,12,5,Sweden,Kaggle Hat,KaggleRama,4745
2227,2017,1,5,Sweden,Kaggle Hat,KaggleRama,2254
2389,2017,3,5,Sweden,Kaggle Hat,KaggleRama,2375
2479,2017,4,5,Sweden,Kaggle Hat,KaggleRama,2008
2569,2017,5,5,Sweden,Kaggle Hat,KaggleRama,2603
2659,2017,6,5,Sweden,Kaggle Hat,KaggleRama,1630
2749,2017,7,5,Sweden,Kaggle Hat,KaggleRama,2178
2839,2017,8,5,Sweden,Kaggle Hat,KaggleRama,1649
2929,2017,9,5,Sweden,Kaggle Hat,KaggleRama,1205
3019,2017,10,5,Sweden,Kaggle Hat,KaggleRama,1835
3109,2017,11,5,Sweden,Kaggle Hat,KaggleRama,1308
3199,2017,12,5,Sweden,Kaggle Hat,KaggleRama,5397
3289,2018,1,5,Sweden,Kaggle Hat,KaggleRama,2315
3451,2018,3,5,Sweden,Kaggle Hat,KaggleRama,2897
3541,2018,4,5,Sweden,Kaggle Hat,KaggleRama,1743
3631,2018,5,5,Sweden,Kaggle Hat,KaggleRama,2325
3721,2018,6,5,Sweden,Kaggle Hat,KaggleRama,1820
3811,2018,7,5,Sweden,Kaggle Hat,KaggleRama,1937
3901,2018,8,5,Sweden,Kaggle Hat,KaggleRama,1710
3991,2018,9,5,Sweden,Kaggle Hat,KaggleRama,1375
4081,2018,10,5,Sweden,Kaggle Hat,KaggleRama,1573
4171,2018,11,5,Sweden,Kaggle Hat,KaggleRama,1214
4261,2018,12,5,Sweden,Kaggle Hat,KaggleRama,5748
