,year,month,week,country,product,store,num_sold
61,2015,1,4,Norway,Kaggle Hat,KaggleRama,6818
151,2015,2,4,Norway,Kaggle Hat,KaggleRama,7959
223,2015,3,4,Norway,Kaggle Hat,KaggleRama,7976
313,2015,4,4,Norway,Kaggle Hat,KaggleRama,7944
403,2015,5,4,Norway,Kaggle Hat,KaggleRama,8490
493,2015,6,4,Norway,Kaggle Hat,KaggleRama,6806
583,2015,7,4,Norway,Kaggle Hat,KaggleRama,6218
673,2015,8,4,Norway,Kaggle Hat,KaggleRama,5313
763,2015,9,4,Norway,Kaggle Hat,KaggleRama,5199
853,2015,10,4,Norway,Kaggle Hat,KaggleRama,5303
943,2015,11,4,Norway,Kaggle Hat,KaggleRama,5775
1033,2015,12,4,Norway,Kaggle Hat,KaggleRama,8491
1123,2016,1,4,Norway,Kaggle Hat,KaggleRama,7044
1213,2016,2,4,Norway,Kaggle Hat,KaggleRama,7519
1303,2016,3,4,Norway,Kaggle Hat,KaggleRama,8584
1393,2016,4,4,Norway,Kaggle Hat,KaggleRama,7703
1483,2016,5,4,Norway,Kaggle Hat,KaggleRama,7855
1573,2016,6,4,Norway,Kaggle Hat,KaggleRama,6456
1663,2016,7,4,Norway,Kaggle Hat,KaggleRama,5676
1753,2016,8,4,Norway,Kaggle Hat,KaggleRama,5330
1843,2016,9,4,Norway,Kaggle Hat,KaggleRama,4840
1933,2016,10,4,Norway,Kaggle Hat,KaggleRama,5196
2023,2016,11,4,Norway,Kaggle Hat,KaggleRama,5639
2113,2016,12,4,Norway,Kaggle Hat,KaggleRama,7896
2203,2017,1,4,Norway,Kaggle Hat,KaggleRama,7462
2293,2017,2,4,Norway,Kaggle Hat,KaggleRama,8294
2365,2017,3,4,Norway,Kaggle Hat,KaggleRama,8404
2455,2017,4,4,Norway,Kaggle Hat,KaggleRama,9519
2545,2017,5,4,Norway,Kaggle Hat,KaggleRama,8642
2635,2017,6,4,Norway,Kaggle Hat,KaggleRama,7154
2725,2017,7,4,Norway,Kaggle Hat,KaggleRama,6630
2815,2017,8,4,Norway,Kaggle Hat,KaggleRama,5948
2905,2017,9,4,Norway,Kaggle Hat,KaggleRama,5522
2995,2017,10,4,Norway,Kaggle Hat,KaggleRama,5575
3085,2017,11,4,Norway,Kaggle Hat,KaggleRama,6155
3175,2017,12,4,Norway,Kaggle Hat,KaggleRama,9176
3265,2018,1,4,Norway,Kaggle Hat,KaggleRama,8299
3355,2018,2,4,Norway,Kaggle Hat,KaggleRama,9033
3427,2018,3,4,Norway,Kaggle Hat,KaggleRama,9164
3517,2018,4,4,Norway,Kaggle Hat,KaggleRama,9433
3607,2018,5,4,Norway,Kaggle Hat,KaggleRama,11349
3697,2018,6,4,Norway,Kaggle Hat,KaggleRama,7967
3787,2018,7,4,Norway,Kaggle Hat,KaggleRama,7005
3877,2018,8,4,Norway,Kaggle Hat,KaggleRama,6560
3967,2018,9,4,Norway,Kaggle Hat,KaggleRama,6035
4057,2018,10,4,Norway,Kaggle Hat,KaggleRama,6290
4147,2018,11,4,Norway,Kaggle Hat,KaggleRama,6680
4237,2018,12,4,Norway,Kaggle Hat,KaggleRama,9526
