,year,month,week,country,product,store,num_sold
77,2015,1,5,Finland,Kaggle Sticker,KaggleRama,441
239,2015,3,5,Finland,Kaggle Sticker,KaggleRama,472
329,2015,4,5,Finland,Kaggle Sticker,KaggleRama,290
419,2015,5,5,Finland,Kaggle Sticker,KaggleRama,595
509,2015,6,5,Finland,Kaggle Sticker,KaggleRama,293
599,2015,7,5,Finland,Kaggle Sticker,KaggleRama,453
689,2015,8,5,Finland,Kaggle Sticker,KaggleRama,492
779,2015,9,5,Finland,Kaggle Sticker,KaggleRama,303
869,2015,10,5,Finland,Kaggle Sticker,KaggleRama,487
959,2015,11,5,Finland,Kaggle Sticker,KaggleRama,310
1049,2015,12,5,Finland,Kaggle Sticker,KaggleRama,1039
1139,2016,1,5,Finland,Kaggle Sticker,KaggleRama,571
1229,2016,2,5,Finland,Kaggle Sticker,KaggleRama,152
1319,2016,3,5,Finland,Kaggle Sticker,KaggleRama,614
1409,2016,4,5,Finland,Kaggle Sticker,KaggleRama,361
1499,2016,5,5,Finland,Kaggle Sticker,KaggleRama,480
1589,2016,6,5,Finland,Kaggle Sticker,KaggleRama,371
1679,2016,7,5,Finland,Kaggle Sticker,KaggleRama,525
1769,2016,8,5,Finland,Kaggle Sticker,KaggleRama,455
1859,2016,9,5,Finland,Kaggle Sticker,KaggleRama,302
1949,2016,10,5,Finland,Kaggle Sticker,KaggleRama,515
2039,2016,11,5,Finland,Kaggle Sticker,KaggleRama,293
2129,2016,12,5,Finland,Kaggle Sticker,KaggleRama,1234
2219,2017,1,5,Finland,Kaggle Sticker,KaggleRama,504
2381,2017,3,5,Finland,Kaggle Sticker,KaggleRama,488
2471,2017,4,5,Finland,Kaggle Sticker,KaggleRama,409
2561,2017,5,5,Finland,Kaggle Sticker,KaggleRama,506
2651,2017,6,5,Finland,Kaggle Sticker,KaggleRama,394
2741,2017,7,5,Finland,Kaggle Sticker,KaggleRama,582
2831,2017,8,5,Finland,Kaggle Sticker,KaggleRama,494
2921,2017,9,5,Finland,Kaggle Sticker,KaggleRama,384
3011,2017,10,5,Finland,Kaggle Sticker,KaggleRama,547
3101,2017,11,5,Finland,Kaggle Sticker,KaggleRama,340
3191,2017,12,5,Finland,Kaggle Sticker,KaggleRama,1368
3281,2018,1,5,Finland,Kaggle Sticker,KaggleRama,562
3443,2018,3,5,Finland,Kaggle Sticker,KaggleRama,592
3533,2018,4,5,Finland,Kaggle Sticker,KaggleRama,395
3623,2018,5,5,Finland,Kaggle Sticker,KaggleRama,549
3713,2018,6,5,Finland,Kaggle Sticker,KaggleRama,517
3803,2018,7,5,Finland,Kaggle Sticker,KaggleRama,568
3893,2018,8,5,Finland,Kaggle Sticker,KaggleRama,550
3983,2018,9,5,Finland,Kaggle Sticker,KaggleRama,436
4073,2018,10,5,Finland,Kaggle Sticker,KaggleRama,539
4163,2018,11,5,Finland,Kaggle Sticker,KaggleRama,357
4253,2018,12,5,Finland,Kaggle Sticker,KaggleRama,1473
