,year,month,week,country,product,store,num_sold
46,2015,1,3,Norway,Kaggle Sticker,KaggleMart,1069
136,2015,2,3,Norway,Kaggle Sticker,KaggleMart,1056
208,2015,3,3,Norway,Kaggle Sticker,KaggleMart,1075
298,2015,4,3,Norway,Kaggle Sticker,KaggleMart,1071
388,2015,5,3,Norway,Kaggle Sticker,KaggleMart,1277
478,2015,6,3,Norway,Kaggle Sticker,KaggleMart,1105
568,2015,7,3,Norway,Kaggle Sticker,KaggleMart,1098
658,2015,8,3,Norway,Kaggle Sticker,KaggleMart,1111
748,2015,9,3,Norway,Kaggle Sticker,KaggleMart,1117
838,2015,10,3,Norway,Kaggle Sticker,KaggleMart,1084
928,2015,11,3,Norway,Kaggle Sticker,KaggleMart,1097
1018,2015,12,3,Norway,Kaggle Sticker,KaggleMart,1051
1108,2016,1,3,Norway,Kaggle Sticker,KaggleMart,1060
1198,2016,2,3,Norway,Kaggle Sticker,KaggleMart,1045
1288,2016,3,3,Norway,Kaggle Sticker,KaggleMart,1016
1378,2016,4,3,Norway,Kaggle Sticker,KaggleMart,1014
1468,2016,5,3,Norway,Kaggle Sticker,KaggleMart,1248
1558,2016,6,3,Norway,Kaggle Sticker,KaggleMart,1073
1648,2016,7,3,Norway,Kaggle Sticker,KaggleMart,1046
1738,2016,8,3,Norway,Kaggle Sticker,KaggleMart,1063
1828,2016,9,3,Norway,Kaggle Sticker,KaggleMart,1044
1918,2016,10,3,Norway,Kaggle Sticker,KaggleMart,1039
2008,2016,11,3,Norway,Kaggle Sticker,KaggleMart,1052
2098,2016,12,3,Norway,Kaggle Sticker,KaggleMart,1067
2188,2017,1,3,Norway,Kaggle Sticker,KaggleMart,1124
2278,2017,2,3,Norway,Kaggle Sticker,KaggleMart,1122
2350,2017,3,3,Norway,Kaggle Sticker,KaggleMart,1137
2440,2017,4,3,Norway,Kaggle Sticker,KaggleMart,1515
2530,2017,5,3,Norway,Kaggle Sticker,KaggleMart,1218
2620,2017,6,3,Norway,Kaggle Sticker,KaggleMart,1118
2710,2017,7,3,Norway,Kaggle Sticker,KaggleMart,1142
2800,2017,8,3,Norway,Kaggle Sticker,KaggleMart,1146
2890,2017,9,3,Norway,Kaggle Sticker,KaggleMart,1095
2980,2017,10,3,Norway,Kaggle Sticker,KaggleMart,1162
3070,2017,11,3,Norway,Kaggle Sticker,KaggleMart,1193
3160,2017,12,3,Norway,Kaggle Sticker,KaggleMart,1197
3250,2018,1,3,Norway,Kaggle Sticker,KaggleMart,1327
3340,2018,2,3,Norway,Kaggle Sticker,KaggleMart,1276
3412,2018,3,3,Norway,Kaggle Sticker,KaggleMart,1202
3502,2018,4,3,Norway,Kaggle Sticker,KaggleMart,1284
3592,2018,5,3,Norway,Kaggle Sticker,KaggleMart,1465
3682,2018,6,3,Norway,Kaggle Sticker,KaggleMart,1295
3772,2018,7,3,Norway,Kaggle Sticker,KaggleMart,1243
3862,2018,8,3,Norway,Kaggle Sticker,KaggleMart,1252
3952,2018,9,3,Norway,Kaggle Sticker,KaggleMart,1299
4042,2018,10,3,Norway,Kaggle Sticker,KaggleMart,1220
4132,2018,11,3,Norway,Kaggle Sticker,KaggleMart,1286
4222,2018,12,3,Norway,Kaggle Sticker,KaggleMart,1281
