,year,month,week,country,product,store,num_sold
70,2015,1,4,Sweden,Kaggle Sticker,KaggleMart,762
160,2015,2,4,Sweden,Kaggle Sticker,KaggleMart,773
232,2015,3,4,Sweden,Kaggle Sticker,KaggleMart,739
322,2015,4,4,Sweden,Kaggle Sticker,KaggleMart,737
412,2015,5,4,Sweden,Kaggle Sticker,KaggleMart,798
502,2015,6,4,Sweden,Kaggle Sticker,KaggleMart,935
592,2015,7,4,Sweden,Kaggle Sticker,KaggleMart,738
682,2015,8,4,Sweden,Kaggle Sticker,KaggleMart,751
772,2015,9,4,Sweden,Kaggle Sticker,KaggleMart,766
862,2015,10,4,Sweden,Kaggle Sticker,KaggleMart,757
952,2015,11,4,Sweden,Kaggle Sticker,KaggleMart,781
1042,2015,12,4,Sweden,Kaggle Sticker,KaggleMart,1001
1132,2016,1,4,Sweden,Kaggle Sticker,KaggleMart,794
1222,2016,2,4,Sweden,Kaggle Sticker,KaggleMart,757
1312,2016,3,4,Sweden,Kaggle Sticker,KaggleMart,801
1402,2016,4,4,Sweden,Kaggle Sticker,KaggleMart,767
1492,2016,5,4,Sweden,Kaggle Sticker,KaggleMart,754
1582,2016,6,4,Sweden,Kaggle Sticker,KaggleMart,853
1672,2016,7,4,Sweden,Kaggle Sticker,KaggleMart,744
1762,2016,8,4,Sweden,Kaggle Sticker,KaggleMart,759
1852,2016,9,4,Sweden,Kaggle Sticker,KaggleMart,786
1942,2016,10,4,Sweden,Kaggle Sticker,KaggleMart,769
2032,2016,11,4,Sweden,Kaggle Sticker,KaggleMart,766
2122,2016,12,4,Sweden,Kaggle Sticker,KaggleMart,1047
2212,2017,1,4,Sweden,Kaggle Sticker,KaggleMart,812
2302,2017,2,4,Sweden,Kaggle Sticker,KaggleMart,807
2374,2017,3,4,Sweden,Kaggle Sticker,KaggleMart,786
2464,2017,4,4,Sweden,Kaggle Sticker,KaggleMart,898
2554,2017,5,4,Sweden,Kaggle Sticker,KaggleMart,837
2644,2017,6,4,Sweden,Kaggle Sticker,KaggleMart,920
2734,2017,7,4,Sweden,Kaggle Sticker,KaggleMart,835
2824,2017,8,4,Sweden,Kaggle Sticker,KaggleMart,859
2914,2017,9,4,Sweden,Kaggle Sticker,KaggleMart,822
3004,2017,10,4,Sweden,Kaggle Sticker,KaggleMart,815
3094,2017,11,4,Sweden,Kaggle Sticker,KaggleMart,870
3184,2017,12,4,Sweden,Kaggle Sticker,KaggleMart,1132
3274,2018,1,4,Sweden,Kaggle Sticker,KaggleMart,872
3364,2018,2,4,Sweden,Kaggle Sticker,KaggleMart,827
3436,2018,3,4,Sweden,Kaggle Sticker,KaggleMart,820
3526,2018,4,4,Sweden,Kaggle Sticker,KaggleMart,822
3616,2018,5,4,Sweden,Kaggle Sticker,KaggleMart,943
3706,2018,6,4,Sweden,Kaggle Sticker,KaggleMart,983
3796,2018,7,4,Sweden,Kaggle Sticker,KaggleMart,845
3886,2018,8,4,Sweden,Kaggle Sticker,KaggleMart,828
3976,2018,9,4,Sweden,Kaggle Sticker,KaggleMart,881
4066,2018,10,4,Sweden,Kaggle Sticker,KaggleMart,817
4156,2018,11,4,Sweden,Kaggle Sticker,KaggleMart,859
4246,2018,12,4,Sweden,Kaggle Sticker,KaggleMart,1112
