,year,month,week,country,product,store,num_sold
64,2015,1,4,Norway,Kaggle Sticker,KaggleMart,1064
154,2015,2,4,Norway,Kaggle Sticker,KaggleMart,1116
226,2015,3,4,Norway,Kaggle Sticker,KaggleMart,1099
316,2015,4,4,Norway,Kaggle Sticker,KaggleMart,1057
406,2015,5,4,Norway,Kaggle Sticker,KaggleMart,1279
496,2015,6,4,Norway,Kaggle Sticker,KaggleMart,1082
586,2015,7,4,Norway,Kaggle Sticker,KaggleMart,1063
676,2015,8,4,Norway,Kaggle Sticker,KaggleMart,1055
766,2015,9,4,Norway,Kaggle Sticker,KaggleMart,1105
856,2015,10,4,Norway,Kaggle Sticker,KaggleMart,1096
946,2015,11,4,Norway,Kaggle Sticker,KaggleMart,1069
1036,2015,12,4,Norway,Kaggle Sticker,KaggleMart,1367
1126,2016,1,4,Norway,Kaggle Sticker,KaggleMart,1090
1216,2016,2,4,Norway,Kaggle Sticker,KaggleMart,1036
1306,2016,3,4,Norway,Kaggle Sticker,KaggleMart,1158
1396,2016,4,4,Norway,Kaggle Sticker,KaggleMart,1031
1486,2016,5,4,Norway,Kaggle Sticker,KaggleMart,1140
1576,2016,6,4,Norway,Kaggle Sticker,KaggleMart,1075
1666,2016,7,4,Norway,Kaggle Sticker,KaggleMart,1040
1756,2016,8,4,Norway,Kaggle Sticker,KaggleMart,1026
1846,2016,9,4,Norway,Kaggle Sticker,KaggleMart,1055
1936,2016,10,4,Norway,Kaggle Sticker,KaggleMart,1079
2026,2016,11,4,Norway,Kaggle Sticker,KaggleMart,1036
2116,2016,12,4,Norway,Kaggle Sticker,KaggleMart,1326
2206,2017,1,4,Norway,Kaggle Sticker,KaggleMart,1156
2296,2017,2,4,Norway,Kaggle Sticker,KaggleMart,1112
2368,2017,3,4,Norway,Kaggle Sticker,KaggleMart,1111
2458,2017,4,4,Norway,Kaggle Sticker,KaggleMart,1273
2548,2017,5,4,Norway,Kaggle Sticker,KaggleMart,1274
2638,2017,6,4,Norway,Kaggle Sticker,KaggleMart,1131
2728,2017,7,4,Norway,Kaggle Sticker,KaggleMart,1160
2818,2017,8,4,Norway,Kaggle Sticker,KaggleMart,1167
2908,2017,9,4,Norway,Kaggle Sticker,KaggleMart,1188
2998,2017,10,4,Norway,Kaggle Sticker,KaggleMart,1140
3088,2017,11,4,Norway,Kaggle Sticker,KaggleMart,1167
3178,2017,12,4,Norway,Kaggle Sticker,KaggleMart,1461
3268,2018,1,4,Norway,Kaggle Sticker,KaggleMart,1298
3358,2018,2,4,Norway,Kaggle Sticker,KaggleMart,1237
3430,2018,3,4,Norway,Kaggle Sticker,KaggleMart,1293
3520,2018,4,4,Norway,Kaggle Sticker,KaggleMart,1275
3610,2018,5,4,Norway,Kaggle Sticker,KaggleMart,1639
3700,2018,6,4,Norway,Kaggle Sticker,KaggleMart,1322
3790,2018,7,4,Norway,Kaggle Sticker,KaggleMart,1229
3880,2018,8,4,Norway,Kaggle Sticker,KaggleMart,1308
3970,2018,9,4,Norway,Kaggle Sticker,KaggleMart,1234
4060,2018,10,4,Norway,Kaggle Sticker,KaggleMart,1245
4150,2018,11,4,Norway,Kaggle Sticker,KaggleMart,1250
4240,2018,12,4,Norway,Kaggle Sticker,KaggleMart,1577
