,year,month,week,country,product,store,num_sold
36,2015,1,3,Finland,Kaggle Hat,KaggleMart,2302
126,2015,2,3,Finland,Kaggle Hat,KaggleMart,2579
198,2015,3,3,Finland,Kaggle Hat,KaggleMart,2678
288,2015,4,3,Finland,Kaggle Hat,KaggleMart,2706
378,2015,5,3,Finland,Kaggle Hat,KaggleMart,2852
468,2015,6,3,Finland,Kaggle Hat,KaggleMart,2369
558,2015,7,3,Finland,Kaggle Hat,KaggleMart,2130
648,2015,8,3,Finland,Kaggle Hat,KaggleMart,1835
738,2015,9,3,Finland,Kaggle Hat,KaggleMart,1748
828,2015,10,3,Finland,Kaggle Hat,KaggleMart,1738
918,2015,11,3,Finland,Kaggle Hat,KaggleMart,1938
1008,2015,12,3,Finland,Kaggle Hat,KaggleMart,2043
1098,2016,1,3,Finland,Kaggle Hat,KaggleMart,2535
1188,2016,2,3,Finland,Kaggle Hat,KaggleMart,2634
1278,2016,3,3,Finland,Kaggle Hat,KaggleMart,2727
1368,2016,4,3,Finland,Kaggle Hat,KaggleMart,2766
1458,2016,5,3,Finland,Kaggle Hat,KaggleMart,2846
1548,2016,6,3,Finland,Kaggle Hat,KaggleMart,2359
1638,2016,7,3,Finland,Kaggle Hat,KaggleMart,2111
1728,2016,8,3,Finland,Kaggle Hat,KaggleMart,1878
1818,2016,9,3,Finland,Kaggle Hat,KaggleMart,1808
1908,2016,10,3,Finland,Kaggle Hat,KaggleMart,1764
1998,2016,11,3,Finland,Kaggle Hat,KaggleMart,1929
2088,2016,12,3,Finland,Kaggle Hat,KaggleMart,2245
2178,2017,1,3,Finland,Kaggle Hat,KaggleMart,2554
2268,2017,2,3,Finland,Kaggle Hat,KaggleMart,2824
2340,2017,3,3,Finland,Kaggle Hat,KaggleMart,3072
2430,2017,4,3,Finland,Kaggle Hat,KaggleMart,3681
2520,2017,5,3,Finland,Kaggle Hat,KaggleMart,2809
2610,2017,6,3,Finland,Kaggle Hat,KaggleMart,2554
2700,2017,7,3,Finland,Kaggle Hat,KaggleMart,2364
2790,2017,8,3,Finland,Kaggle Hat,KaggleMart,2180
2880,2017,9,3,Finland,Kaggle Hat,KaggleMart,1946
2970,2017,10,3,Finland,Kaggle Hat,KaggleMart,1954
3060,2017,11,3,Finland,Kaggle Hat,KaggleMart,2145
3150,2017,12,3,Finland,Kaggle Hat,KaggleMart,2449
3240,2018,1,3,Finland,Kaggle Hat,KaggleMart,2999
3330,2018,2,3,Finland,Kaggle Hat,KaggleMart,3189
3402,2018,3,3,Finland,Kaggle Hat,KaggleMart,3297
3492,2018,4,3,Finland,Kaggle Hat,KaggleMart,3206
3582,2018,5,3,Finland,Kaggle Hat,KaggleMart,3293
3672,2018,6,3,Finland,Kaggle Hat,KaggleMart,2841
3762,2018,7,3,Finland,Kaggle Hat,KaggleMart,2579
3852,2018,8,3,Finland,Kaggle Hat,KaggleMart,2193
3942,2018,9,3,Finland,Kaggle Hat,KaggleMart,2133
4032,2018,10,3,Finland,Kaggle Hat,KaggleMart,2176
4122,2018,11,3,Finland,Kaggle Hat,KaggleMart,2324
4212,2018,12,3,Finland,Kaggle Hat,KaggleMart,2513
