,year,month,week,country,product,store,num_sold
62,2015,1,4,Norway,Kaggle Mug,KaggleMart,2428
152,2015,2,4,Norway,Kaggle Mug,KaggleMart,2315
224,2015,3,4,Norway,Kaggle Mug,KaggleMart,2215
314,2015,4,4,Norway,Kaggle Mug,KaggleMart,1970
404,2015,5,4,Norway,Kaggle Mug,KaggleMart,2190
494,2015,6,4,Norway,Kaggle Mug,KaggleMart,1812
584,2015,7,4,Norway,Kaggle Mug,KaggleMart,1835
674,2015,8,4,Norway,Kaggle Mug,KaggleMart,2024
764,2015,9,4,Norway,Kaggle Mug,KaggleMart,2138
854,2015,10,4,Norway,Kaggle Mug,KaggleMart,2264
944,2015,11,4,Norway,Kaggle Mug,KaggleMart,2381
1034,2015,12,4,Norway,Kaggle Mug,KaggleMart,3103
1124,2016,1,4,Norway,Kaggle Mug,KaggleMart,2405
1214,2016,2,4,Norway,Kaggle Mug,KaggleMart,2319
1304,2016,3,4,Norway,Kaggle Mug,KaggleMart,2305
1394,2016,4,4,Norway,Kaggle Mug,KaggleMart,1875
1484,2016,5,4,Norway,Kaggle Mug,KaggleMart,1968
1574,2016,6,4,Norway,Kaggle Mug,KaggleMart,1662
1664,2016,7,4,Norway,Kaggle Mug,KaggleMart,1772
1754,2016,8,4,Norway,Kaggle Mug,KaggleMart,1837
1844,2016,9,4,Norway,Kaggle Mug,KaggleMart,2077
1934,2016,10,4,Norway,Kaggle Mug,KaggleMart,2128
2024,2016,11,4,Norway,Kaggle Mug,KaggleMart,2261
2114,2016,12,4,Norway,Kaggle Mug,KaggleMart,2962
2204,2017,1,4,Norway,Kaggle Mug,KaggleMart,2439
2294,2017,2,4,Norway,Kaggle Mug,KaggleMart,2455
2366,2017,3,4,Norway,Kaggle Mug,KaggleMart,2209
2456,2017,4,4,Norway,Kaggle Mug,KaggleMart,2370
2546,2017,5,4,Norway,Kaggle Mug,KaggleMart,2146
2636,2017,6,4,Norway,Kaggle Mug,KaggleMart,1891
2726,2017,7,4,Norway,Kaggle Mug,KaggleMart,1990
2816,2017,8,4,Norway,Kaggle Mug,KaggleMart,2067
2906,2017,9,4,Norway,Kaggle Mug,KaggleMart,2320
2996,2017,10,4,Norway,Kaggle Mug,KaggleMart,2408
3086,2017,11,4,Norway,Kaggle Mug,KaggleMart,2523
3176,2017,12,4,Norway,Kaggle Mug,KaggleMart,3308
3266,2018,1,4,Norway,Kaggle Mug,KaggleMart,2740
3356,2018,2,4,Norway,Kaggle Mug,KaggleMart,2679
3428,2018,3,4,Norway,Kaggle Mug,KaggleMart,2595
3518,2018,4,4,Norway,Kaggle Mug,KaggleMart,2379
3608,2018,5,4,Norway,Kaggle Mug,KaggleMart,2852
3698,2018,6,4,Norway,Kaggle Mug,KaggleMart,2188
3788,2018,7,4,Norway,Kaggle Mug,KaggleMart,2124
3878,2018,8,4,Norway,Kaggle Mug,KaggleMart,2263
3968,2018,9,4,Norway,Kaggle Mug,KaggleMart,2532
4058,2018,10,4,Norway,Kaggle Mug,KaggleMart,2679
4148,2018,11,4,Norway,Kaggle Mug,KaggleMart,2807
4238,2018,12,4,Norway,Kaggle Mug,KaggleMart,3534
