,year,month,week,country,product,store,num_sold
11,2015,1,1,Norway,Kaggle Sticker,KaggleRama,2594
101,2015,2,1,Norway,Kaggle Sticker,KaggleRama,1869
173,2015,3,1,Norway,Kaggle Sticker,KaggleRama,1903
263,2015,4,1,Norway,Kaggle Sticker,KaggleRama,2206
353,2015,5,1,Norway,Kaggle Sticker,KaggleRama,2026
443,2015,6,1,Norway,Kaggle Sticker,KaggleRama,1932
533,2015,7,1,Norway,Kaggle Sticker,KaggleRama,1957
623,2015,8,1,Norway,Kaggle Sticker,KaggleRama,1883
713,2015,9,1,Norway,Kaggle Sticker,KaggleRama,1997
803,2015,10,1,Norway,Kaggle Sticker,KaggleRama,1824
893,2015,11,1,Norway,Kaggle Sticker,KaggleRama,1893
983,2015,12,1,Norway,Kaggle Sticker,KaggleRama,1935
1073,2016,1,1,Norway,Kaggle Sticker,KaggleRama,2363
1163,2016,2,1,Norway,Kaggle Sticker,KaggleRama,1729
1253,2016,3,1,Norway,Kaggle Sticker,KaggleRama,1801
1343,2016,4,1,Norway,Kaggle Sticker,KaggleRama,2193
1433,2016,5,1,Norway,Kaggle Sticker,KaggleRama,2046
1523,2016,6,1,Norway,Kaggle Sticker,KaggleRama,1856
1613,2016,7,1,Norway,Kaggle Sticker,KaggleRama,1809
1703,2016,8,1,Norway,Kaggle Sticker,KaggleRama,1844
1793,2016,9,1,Norway,Kaggle Sticker,KaggleRama,1891
1883,2016,10,1,Norway,Kaggle Sticker,KaggleRama,1846
1973,2016,11,1,Norway,Kaggle Sticker,KaggleRama,1816
2063,2016,12,1,Norway,Kaggle Sticker,KaggleRama,1818
2153,2017,1,1,Norway,Kaggle Sticker,KaggleRama,2470
2243,2017,2,1,Norway,Kaggle Sticker,KaggleRama,1958
2315,2017,3,1,Norway,Kaggle Sticker,KaggleRama,1951
2405,2017,4,1,Norway,Kaggle Sticker,KaggleRama,1994
2495,2017,5,1,Norway,Kaggle Sticker,KaggleRama,2248
2585,2017,6,1,Norway,Kaggle Sticker,KaggleRama,2189
2675,2017,7,1,Norway,Kaggle Sticker,KaggleRama,2008
2765,2017,8,1,Norway,Kaggle Sticker,KaggleRama,2015
2855,2017,9,1,Norway,Kaggle Sticker,KaggleRama,2067
2945,2017,10,1,Norway,Kaggle Sticker,KaggleRama,2021
3035,2017,11,1,Norway,Kaggle Sticker,KaggleRama,2050
3125,2017,12,1,Norway,Kaggle Sticker,KaggleRama,2042
3215,2018,1,1,Norway,Kaggle Sticker,KaggleRama,2799
3305,2018,2,1,Norway,Kaggle Sticker,KaggleRama,2204
3377,2018,3,1,Norway,Kaggle Sticker,KaggleRama,2137
3467,2018,4,1,Norway,Kaggle Sticker,KaggleRama,3056
3557,2018,5,1,Norway,Kaggle Sticker,KaggleRama,2479
3647,2018,6,1,Norway,Kaggle Sticker,KaggleRama,2227
3737,2018,7,1,Norway,Kaggle Sticker,KaggleRama,2208
3827,2018,8,1,Norway,Kaggle Sticker,KaggleRama,2130
3917,2018,9,1,Norway,Kaggle Sticker,KaggleRama,2228
4007,2018,10,1,Norway,Kaggle Sticker,KaggleRama,2227
4097,2018,11,1,Norway,Kaggle Sticker,KaggleRama,2164
4187,2018,12,1,Norway,Kaggle Sticker,KaggleRama,2147
