,year,month,week,country,product,store,num_sold
16,2015,1,1,Sweden,Kaggle Sticker,KaggleMart,1029
106,2015,2,1,Sweden,Kaggle Sticker,KaggleMart,778
178,2015,3,1,Sweden,Kaggle Sticker,KaggleMart,734
268,2015,4,1,Sweden,Kaggle Sticker,KaggleMart,794
358,2015,5,1,Sweden,Kaggle Sticker,KaggleMart,845
448,2015,6,1,Sweden,Kaggle Sticker,KaggleMart,791
538,2015,7,1,Sweden,Kaggle Sticker,KaggleMart,760
628,2015,8,1,Sweden,Kaggle Sticker,KaggleMart,755
718,2015,9,1,Sweden,Kaggle Sticker,KaggleMart,742
808,2015,10,1,Sweden,Kaggle Sticker,KaggleMart,745
898,2015,11,1,Sweden,Kaggle Sticker,KaggleMart,837
988,2015,12,1,Sweden,Kaggle Sticker,KaggleMart,762
1078,2016,1,1,Sweden,Kaggle Sticker,KaggleMart,1094
1168,2016,2,1,Sweden,Kaggle Sticker,KaggleMart,745
1258,2016,3,1,Sweden,Kaggle Sticker,KaggleMart,754
1348,2016,4,1,Sweden,Kaggle Sticker,KaggleMart,890
1438,2016,5,1,Sweden,Kaggle Sticker,KaggleMart,828
1528,2016,6,1,Sweden,Kaggle Sticker,KaggleMart,749
1618,2016,7,1,Sweden,Kaggle Sticker,KaggleMart,795
1708,2016,8,1,Sweden,Kaggle Sticker,KaggleMart,774
1798,2016,9,1,Sweden,Kaggle Sticker,KaggleMart,773
1888,2016,10,1,Sweden,Kaggle Sticker,KaggleMart,766
1978,2016,11,1,Sweden,Kaggle Sticker,KaggleMart,805
2068,2016,12,1,Sweden,Kaggle Sticker,KaggleMart,776
2158,2017,1,1,Sweden,Kaggle Sticker,KaggleMart,1176
2248,2017,2,1,Sweden,Kaggle Sticker,KaggleMart,771
2320,2017,3,1,Sweden,Kaggle Sticker,KaggleMart,821
2410,2017,4,1,Sweden,Kaggle Sticker,KaggleMart,808
2500,2017,5,1,Sweden,Kaggle Sticker,KaggleMart,900
2590,2017,6,1,Sweden,Kaggle Sticker,KaggleMart,857
2680,2017,7,1,Sweden,Kaggle Sticker,KaggleMart,865
2770,2017,8,1,Sweden,Kaggle Sticker,KaggleMart,834
2860,2017,9,1,Sweden,Kaggle Sticker,KaggleMart,839
2950,2017,10,1,Sweden,Kaggle Sticker,KaggleMart,830
3040,2017,11,1,Sweden,Kaggle Sticker,KaggleMart,891
3130,2017,12,1,Sweden,Kaggle Sticker,KaggleMart,828
3220,2018,1,1,Sweden,Kaggle Sticker,KaggleMart,1197
3310,2018,2,1,Sweden,Kaggle Sticker,KaggleMart,862
3382,2018,3,1,Sweden,Kaggle Sticker,KaggleMart,858
3472,2018,4,1,Sweden,Kaggle Sticker,KaggleMart,1068
3562,2018,5,1,Sweden,Kaggle Sticker,KaggleMart,944
3652,2018,6,1,Sweden,Kaggle Sticker,KaggleMart,869
3742,2018,7,1,Sweden,Kaggle Sticker,KaggleMart,844
3832,2018,8,1,Sweden,Kaggle Sticker,KaggleMart,839
3922,2018,9,1,Sweden,Kaggle Sticker,KaggleMart,829
4012,2018,10,1,Sweden,Kaggle Sticker,KaggleMart,814
4102,2018,11,1,Sweden,Kaggle Sticker,KaggleMart,866
4192,2018,12,1,Sweden,Kaggle Sticker,KaggleMart,819
