,year,month,week,country,product,store,num_sold
78,2015,1,5,Norway,Kaggle Hat,KaggleMart,1795
240,2015,3,5,Norway,Kaggle Hat,KaggleMart,1997
330,2015,4,5,Norway,Kaggle Hat,KaggleMart,1164
420,2015,5,5,Norway,Kaggle Hat,KaggleMart,2600
510,2015,6,5,Norway,Kaggle Hat,KaggleMart,1081
600,2015,7,5,Norway,Kaggle Hat,KaggleMart,1477
690,2015,8,5,Norway,Kaggle Hat,KaggleMart,1491
780,2015,9,5,Norway,Kaggle Hat,KaggleMart,754
870,2015,10,5,Norway,Kaggle Hat,KaggleMart,1246
960,2015,11,5,Norway,Kaggle Hat,KaggleMart,1045
1050,2015,12,5,Norway,Kaggle Hat,KaggleMart,3432
1140,2016,1,5,Norway,Kaggle Hat,KaggleMart,1965
1230,2016,2,5,Norway,Kaggle Hat,KaggleMart,554
1320,2016,3,5,Norway,Kaggle Hat,KaggleMart,2459
1410,2016,4,5,Norway,Kaggle Hat,KaggleMart,1310
1500,2016,5,5,Norway,Kaggle Hat,KaggleMart,1765
1590,2016,6,5,Norway,Kaggle Hat,KaggleMart,967
1680,2016,7,5,Norway,Kaggle Hat,KaggleMart,1592
1770,2016,8,5,Norway,Kaggle Hat,KaggleMart,1190
1860,2016,9,5,Norway,Kaggle Hat,KaggleMart,826
1950,2016,10,5,Norway,Kaggle Hat,KaggleMart,1352
2040,2016,11,5,Norway,Kaggle Hat,KaggleMart,879
2130,2016,12,5,Norway,Kaggle Hat,KaggleMart,3521
2220,2017,1,5,Norway,Kaggle Hat,KaggleMart,1936
2382,2017,3,5,Norway,Kaggle Hat,KaggleMart,1969
2472,2017,4,5,Norway,Kaggle Hat,KaggleMart,1561
2562,2017,5,5,Norway,Kaggle Hat,KaggleMart,2020
2652,2017,6,5,Norway,Kaggle Hat,KaggleMart,1106
2742,2017,7,5,Norway,Kaggle Hat,KaggleMart,1739
2832,2017,8,5,Norway,Kaggle Hat,KaggleMart,1345
2922,2017,9,5,Norway,Kaggle Hat,KaggleMart,928
3012,2017,10,5,Norway,Kaggle Hat,KaggleMart,1495
3102,2017,11,5,Norway,Kaggle Hat,KaggleMart,985
3192,2017,12,5,Norway,Kaggle Hat,KaggleMart,4334
3282,2018,1,5,Norway,Kaggle Hat,KaggleMart,1945
3444,2018,3,5,Norway,Kaggle Hat,KaggleMart,2606
3534,2018,4,5,Norway,Kaggle Hat,KaggleMart,1593
3624,2018,5,5,Norway,Kaggle Hat,KaggleMart,2049
3714,2018,6,5,Norway,Kaggle Hat,KaggleMart,1352
3804,2018,7,5,Norway,Kaggle Hat,KaggleMart,1708
3894,2018,8,5,Norway,Kaggle Hat,KaggleMart,1497
3984,2018,9,5,Norway,Kaggle Hat,KaggleMart,1134
4074,2018,10,5,Norway,Kaggle Hat,KaggleMart,1396
4164,2018,11,5,Norway,Kaggle Hat,KaggleMart,1098
4254,2018,12,5,Norway,Kaggle Hat,KaggleMart,4583
