,year,month,week,country,product,store,num_sold
58,2015,1,4,Finland,Kaggle Sticker,KaggleMart,611
148,2015,2,4,Finland,Kaggle Sticker,KaggleMart,626
220,2015,3,4,Finland,Kaggle Sticker,KaggleMart,623
310,2015,4,4,Finland,Kaggle Sticker,KaggleMart,605
400,2015,5,4,Finland,Kaggle Sticker,KaggleMart,674
490,2015,6,4,Finland,Kaggle Sticker,KaggleMart,760
580,2015,7,4,Finland,Kaggle Sticker,KaggleMart,607
670,2015,8,4,Finland,Kaggle Sticker,KaggleMart,604
760,2015,9,4,Finland,Kaggle Sticker,KaggleMart,622
850,2015,10,4,Finland,Kaggle Sticker,KaggleMart,610
940,2015,11,4,Finland,Kaggle Sticker,KaggleMart,624
1030,2015,12,4,Finland,Kaggle Sticker,KaggleMart,843
1120,2016,1,4,Finland,Kaggle Sticker,KaggleMart,642
1210,2016,2,4,Finland,Kaggle Sticker,KaggleMart,662
1300,2016,3,4,Finland,Kaggle Sticker,KaggleMart,674
1390,2016,4,4,Finland,Kaggle Sticker,KaggleMart,654
1480,2016,5,4,Finland,Kaggle Sticker,KaggleMart,651
1570,2016,6,4,Finland,Kaggle Sticker,KaggleMart,698
1660,2016,7,4,Finland,Kaggle Sticker,KaggleMart,645
1750,2016,8,4,Finland,Kaggle Sticker,KaggleMart,660
1840,2016,9,4,Finland,Kaggle Sticker,KaggleMart,640
1930,2016,10,4,Finland,Kaggle Sticker,KaggleMart,660
2020,2016,11,4,Finland,Kaggle Sticker,KaggleMart,646
2110,2016,12,4,Finland,Kaggle Sticker,KaggleMart,868
2200,2017,1,4,Finland,Kaggle Sticker,KaggleMart,662
2290,2017,2,4,Finland,Kaggle Sticker,KaggleMart,688
2362,2017,3,4,Finland,Kaggle Sticker,KaggleMart,681
2452,2017,4,4,Finland,Kaggle Sticker,KaggleMart,765
2542,2017,5,4,Finland,Kaggle Sticker,KaggleMart,729
2632,2017,6,4,Finland,Kaggle Sticker,KaggleMart,798
2722,2017,7,4,Finland,Kaggle Sticker,KaggleMart,691
2812,2017,8,4,Finland,Kaggle Sticker,KaggleMart,710
2902,2017,9,4,Finland,Kaggle Sticker,KaggleMart,717
2992,2017,10,4,Finland,Kaggle Sticker,KaggleMart,699
3082,2017,11,4,Finland,Kaggle Sticker,KaggleMart,712
3172,2017,12,4,Finland,Kaggle Sticker,KaggleMart,955
3262,2018,1,4,Finland,Kaggle Sticker,KaggleMart,792
3352,2018,2,4,Finland,Kaggle Sticker,KaggleMart,775
3424,2018,3,4,Finland,Kaggle Sticker,KaggleMart,760
3514,2018,4,4,Finland,Kaggle Sticker,KaggleMart,774
3604,2018,5,4,Finland,Kaggle Sticker,KaggleMart,858
3694,2018,6,4,Finland,Kaggle Sticker,KaggleMart,927
3784,2018,7,4,Finland,Kaggle Sticker,KaggleMart,736
3874,2018,8,4,Finland,Kaggle Sticker,KaggleMart,786
3964,2018,9,4,Finland,Kaggle Sticker,KaggleMart,774
4054,2018,10,4,Finland,Kaggle Sticker,KaggleMart,789
4144,2018,11,4,Finland,Kaggle Sticker,KaggleMart,756
4234,2018,12,4,Finland,Kaggle Sticker,KaggleMart,1013
