,year,month,week,country,product,store,num_sold
63,2015,1,4,Norway,Kaggle Mug,KaggleRama,4109
153,2015,2,4,Norway,Kaggle Mug,KaggleRama,4081
225,2015,3,4,Norway,Kaggle Mug,KaggleRama,3703
315,2015,4,4,Norway,Kaggle Mug,KaggleRama,3569
405,2015,5,4,Norway,Kaggle Mug,KaggleRama,3786
495,2015,6,4,Norway,Kaggle Mug,KaggleRama,3186
585,2015,7,4,Norway,Kaggle Mug,KaggleRama,3191
675,2015,8,4,Norway,Kaggle Mug,KaggleRama,3516
765,2015,9,4,Norway,Kaggle Mug,KaggleRama,3720
855,2015,10,4,Norway,Kaggle Mug,KaggleRama,4141
945,2015,11,4,Norway,Kaggle Mug,KaggleRama,4249
1035,2015,12,4,Norway,Kaggle Mug,KaggleRama,5473
1125,2016,1,4,Norway,Kaggle Mug,KaggleRama,4264
1215,2016,2,4,Norway,Kaggle Mug,KaggleRama,4045
1305,2016,3,4,Norway,Kaggle Mug,KaggleRama,4105
1395,2016,4,4,Norway,Kaggle Mug,KaggleRama,3452
1485,2016,5,4,Norway,Kaggle Mug,KaggleRama,3566
1575,2016,6,4,Norway,Kaggle Mug,KaggleRama,2967
1665,2016,7,4,Norway,Kaggle Mug,KaggleRama,3026
1755,2016,8,4,Norway,Kaggle Mug,KaggleRama,3257
1845,2016,9,4,Norway,Kaggle Mug,KaggleRama,3579
1935,2016,10,4,Norway,Kaggle Mug,KaggleRama,3874
2025,2016,11,4,Norway,Kaggle Mug,KaggleRama,4006
2115,2016,12,4,Norway,Kaggle Mug,KaggleRama,5337
2205,2017,1,4,Norway,Kaggle Mug,KaggleRama,4282
2295,2017,2,4,Norway,Kaggle Mug,KaggleRama,4312
2367,2017,3,4,Norway,Kaggle Mug,KaggleRama,3957
2457,2017,4,4,Norway,Kaggle Mug,KaggleRama,4046
2547,2017,5,4,Norway,Kaggle Mug,KaggleRama,3743
2637,2017,6,4,Norway,Kaggle Mug,KaggleRama,3361
2727,2017,7,4,Norway,Kaggle Mug,KaggleRama,3435
2817,2017,8,4,Norway,Kaggle Mug,KaggleRama,3637
2907,2017,9,4,Norway,Kaggle Mug,KaggleRama,3978
2997,2017,10,4,Norway,Kaggle Mug,KaggleRama,4358
3087,2017,11,4,Norway,Kaggle Mug,KaggleRama,4456
3177,2017,12,4,Norway,Kaggle Mug,KaggleRama,6018
3267,2018,1,4,Norway,Kaggle Mug,KaggleRama,4883
3357,2018,2,4,Norway,Kaggle Mug,KaggleRama,4870
3429,2018,3,4,Norway,Kaggle Mug,KaggleRama,4349
3519,2018,4,4,Norway,Kaggle Mug,KaggleRama,4121
3609,2018,5,4,Norway,Kaggle Mug,KaggleRama,4890
3699,2018,6,4,Norway,Kaggle Mug,KaggleRama,3730
3789,2018,7,4,Norway,Kaggle Mug,KaggleRama,3781
3879,2018,8,4,Norway,Kaggle Mug,KaggleRama,3937
3969,2018,9,4,Norway,Kaggle Mug,KaggleRama,4199
4059,2018,10,4,Norway,Kaggle Mug,KaggleRama,4747
4149,2018,11,4,Norway,Kaggle Mug,KaggleRama,4729
4239,2018,12,4,Norway,Kaggle Mug,KaggleRama,6393
