,year,month,week,country,product,store,num_sold
13,2015,1,1,Sweden,Kaggle Hat,KaggleRama,6798
103,2015,2,1,Sweden,Kaggle Hat,KaggleRama,4998
175,2015,3,1,Sweden,Kaggle Hat,KaggleRama,5600
265,2015,4,1,Sweden,Kaggle Hat,KaggleRama,5929
355,2015,5,1,Sweden,Kaggle Hat,KaggleRama,6065
445,2015,6,1,Sweden,Kaggle Hat,KaggleRama,4892
535,2015,7,1,Sweden,Kaggle Hat,KaggleRama,4674
625,2015,8,1,Sweden,Kaggle Hat,KaggleRama,4090
715,2015,9,1,Sweden,Kaggle Hat,KaggleRama,3747
805,2015,10,1,Sweden,Kaggle Hat,KaggleRama,3497
895,2015,11,1,Sweden,Kaggle Hat,KaggleRama,3851
985,2015,12,1,Sweden,Kaggle Hat,KaggleRama,4094
1075,2016,1,1,Sweden,Kaggle Hat,KaggleRama,6705
1165,2016,2,1,Sweden,Kaggle Hat,KaggleRama,5236
1255,2016,3,1,Sweden,Kaggle Hat,KaggleRama,5701
1345,2016,4,1,Sweden,Kaggle Hat,KaggleRama,6687
1435,2016,5,1,Sweden,Kaggle Hat,KaggleRama,6237
1525,2016,6,1,Sweden,Kaggle Hat,KaggleRama,5153
1615,2016,7,1,Sweden,Kaggle Hat,KaggleRama,4903
1705,2016,8,1,Sweden,Kaggle Hat,KaggleRama,4241
1795,2016,9,1,Sweden,Kaggle Hat,KaggleRama,3794
1885,2016,10,1,Sweden,Kaggle Hat,KaggleRama,3688
1975,2016,11,1,Sweden,Kaggle Hat,KaggleRama,3884
2065,2016,12,1,Sweden,Kaggle Hat,KaggleRama,4301
2155,2017,1,1,Sweden,Kaggle Hat,KaggleRama,7051
2245,2017,2,1,Sweden,Kaggle Hat,KaggleRama,5709
2317,2017,3,1,Sweden,Kaggle Hat,KaggleRama,5936
2407,2017,4,1,Sweden,Kaggle Hat,KaggleRama,5961
2497,2017,5,1,Sweden,Kaggle Hat,KaggleRama,6715
2587,2017,6,1,Sweden,Kaggle Hat,KaggleRama,5772
2677,2017,7,1,Sweden,Kaggle Hat,KaggleRama,4999
2767,2017,8,1,Sweden,Kaggle Hat,KaggleRama,4593
2857,2017,9,1,Sweden,Kaggle Hat,KaggleRama,4016
2947,2017,10,1,Sweden,Kaggle Hat,KaggleRama,3913
3037,2017,11,1,Sweden,Kaggle Hat,KaggleRama,4332
3127,2017,12,1,Sweden,Kaggle Hat,KaggleRama,4639
3217,2018,1,1,Sweden,Kaggle Hat,KaggleRama,7117
3307,2018,2,1,Sweden,Kaggle Hat,KaggleRama,5729
3379,2018,3,1,Sweden,Kaggle Hat,KaggleRama,5974
3469,2018,4,1,Sweden,Kaggle Hat,KaggleRama,7962
3559,2018,5,1,Sweden,Kaggle Hat,KaggleRama,6753
3649,2018,6,1,Sweden,Kaggle Hat,KaggleRama,5738
3739,2018,7,1,Sweden,Kaggle Hat,KaggleRama,5274
3829,2018,8,1,Sweden,Kaggle Hat,KaggleRama,4410
3919,2018,9,1,Sweden,Kaggle Hat,KaggleRama,3996
4009,2018,10,1,Sweden,Kaggle Hat,KaggleRama,3950
4099,2018,11,1,Sweden,Kaggle Hat,KaggleRama,4149
4189,2018,12,1,Sweden,Kaggle Hat,KaggleRama,4637
