,year,month,week,country,product,store,num_sold
23,2015,1,2,Finland,Kaggle Sticker,KaggleRama,1173
113,2015,2,2,Finland,Kaggle Sticker,KaggleRama,1097
185,2015,3,2,Finland,Kaggle Sticker,KaggleRama,1091
275,2015,4,2,Finland,Kaggle Sticker,KaggleRama,1359
365,2015,5,2,Finland,Kaggle Sticker,KaggleRama,1100
455,2015,6,2,Finland,Kaggle Sticker,KaggleRama,1114
545,2015,7,2,Finland,Kaggle Sticker,KaggleRama,1086
635,2015,8,2,Finland,Kaggle Sticker,KaggleRama,1060
725,2015,9,2,Finland,Kaggle Sticker,KaggleRama,1071
815,2015,10,2,Finland,Kaggle Sticker,KaggleRama,1100
905,2015,11,2,Finland,Kaggle Sticker,KaggleRama,1085
995,2015,12,2,Finland,Kaggle Sticker,KaggleRama,1206
1085,2016,1,2,Finland,Kaggle Sticker,KaggleRama,1267
1175,2016,2,2,Finland,Kaggle Sticker,KaggleRama,1113
1265,2016,3,2,Finland,Kaggle Sticker,KaggleRama,1129
1355,2016,4,2,Finland,Kaggle Sticker,KaggleRama,1110
1445,2016,5,2,Finland,Kaggle Sticker,KaggleRama,1256
1535,2016,6,2,Finland,Kaggle Sticker,KaggleRama,1089
1625,2016,7,2,Finland,Kaggle Sticker,KaggleRama,1149
1715,2016,8,2,Finland,Kaggle Sticker,KaggleRama,1155
1805,2016,9,2,Finland,Kaggle Sticker,KaggleRama,1134
1895,2016,10,2,Finland,Kaggle Sticker,KaggleRama,1153
1985,2016,11,2,Finland,Kaggle Sticker,KaggleRama,1312
2075,2016,12,2,Finland,Kaggle Sticker,KaggleRama,1272
2165,2017,1,2,Finland,Kaggle Sticker,KaggleRama,1401
2255,2017,2,2,Finland,Kaggle Sticker,KaggleRama,1233
2327,2017,3,2,Finland,Kaggle Sticker,KaggleRama,1206
2417,2017,4,2,Finland,Kaggle Sticker,KaggleRama,1226
2507,2017,5,2,Finland,Kaggle Sticker,KaggleRama,1266
2597,2017,6,2,Finland,Kaggle Sticker,KaggleRama,1366
2687,2017,7,2,Finland,Kaggle Sticker,KaggleRama,1236
2777,2017,8,2,Finland,Kaggle Sticker,KaggleRama,1218
2867,2017,9,2,Finland,Kaggle Sticker,KaggleRama,1237
2957,2017,10,2,Finland,Kaggle Sticker,KaggleRama,1208
3047,2017,11,2,Finland,Kaggle Sticker,KaggleRama,1386
3137,2017,12,2,Finland,Kaggle Sticker,KaggleRama,1429
3227,2018,1,2,Finland,Kaggle Sticker,KaggleRama,1541
3317,2018,2,2,Finland,Kaggle Sticker,KaggleRama,1294
3389,2018,3,2,Finland,Kaggle Sticker,KaggleRama,1352
3479,2018,4,2,Finland,Kaggle Sticker,KaggleRama,1428
3569,2018,5,2,Finland,Kaggle Sticker,KaggleRama,1443
3659,2018,6,2,Finland,Kaggle Sticker,KaggleRama,1345
3749,2018,7,2,Finland,Kaggle Sticker,KaggleRama,1321
3839,2018,8,2,Finland,Kaggle Sticker,KaggleRama,1330
3929,2018,9,2,Finland,Kaggle Sticker,KaggleRama,1349
4019,2018,10,2,Finland,Kaggle Sticker,KaggleRama,1410
4109,2018,11,2,Finland,Kaggle Sticker,KaggleRama,1365
4199,2018,12,2,Finland,Kaggle Sticker,KaggleRama,1458
