,year,month,week,country,product,store,num_sold
2,2015,1,1,Finland,Kaggle Mug,KaggleMart,2034
92,2015,2,1,Finland,Kaggle Mug,KaggleMart,1388
164,2015,3,1,Finland,Kaggle Mug,KaggleMart,1347
254,2015,4,1,Finland,Kaggle Mug,KaggleMart,1293
344,2015,5,1,Finland,Kaggle Mug,KaggleMart,1229
434,2015,6,1,Finland,Kaggle Mug,KaggleMart,1079
524,2015,7,1,Finland,Kaggle Mug,KaggleMart,1056
614,2015,8,1,Finland,Kaggle Mug,KaggleMart,1056
704,2015,9,1,Finland,Kaggle Mug,KaggleMart,1189
794,2015,10,1,Finland,Kaggle Mug,KaggleMart,1240
884,2015,11,1,Finland,Kaggle Mug,KaggleMart,1458
974,2015,12,1,Finland,Kaggle Mug,KaggleMart,1447
1064,2016,1,1,Finland,Kaggle Mug,KaggleMart,1880
1154,2016,2,1,Finland,Kaggle Mug,KaggleMart,1409
1244,2016,3,1,Finland,Kaggle Mug,KaggleMart,1365
1334,2016,4,1,Finland,Kaggle Mug,KaggleMart,1529
1424,2016,5,1,Finland,Kaggle Mug,KaggleMart,1300
1514,2016,6,1,Finland,Kaggle Mug,KaggleMart,1084
1604,2016,7,1,Finland,Kaggle Mug,KaggleMart,1112
1694,2016,8,1,Finland,Kaggle Mug,KaggleMart,1124
1784,2016,9,1,Finland,Kaggle Mug,KaggleMart,1165
1874,2016,10,1,Finland,Kaggle Mug,KaggleMart,1299
1964,2016,11,1,Finland,Kaggle Mug,KaggleMart,1420
2054,2016,12,1,Finland,Kaggle Mug,KaggleMart,1455
2144,2017,1,1,Finland,Kaggle Mug,KaggleMart,1983
2234,2017,2,1,Finland,Kaggle Mug,KaggleMart,1571
2306,2017,3,1,Finland,Kaggle Mug,KaggleMart,1472
2396,2017,4,1,Finland,Kaggle Mug,KaggleMart,1384
2486,2017,5,1,Finland,Kaggle Mug,KaggleMart,1410
2576,2017,6,1,Finland,Kaggle Mug,KaggleMart,1288
2666,2017,7,1,Finland,Kaggle Mug,KaggleMart,1217
2756,2017,8,1,Finland,Kaggle Mug,KaggleMart,1202
2846,2017,9,1,Finland,Kaggle Mug,KaggleMart,1303
2936,2017,10,1,Finland,Kaggle Mug,KaggleMart,1422
3026,2017,11,1,Finland,Kaggle Mug,KaggleMart,1630
3116,2017,12,1,Finland,Kaggle Mug,KaggleMart,1583
3206,2018,1,1,Finland,Kaggle Mug,KaggleMart,2256
3296,2018,2,1,Finland,Kaggle Mug,KaggleMart,1721
3368,2018,3,1,Finland,Kaggle Mug,KaggleMart,1594
3458,2018,4,1,Finland,Kaggle Mug,KaggleMart,1904
3548,2018,5,1,Finland,Kaggle Mug,KaggleMart,1633
3638,2018,6,1,Finland,Kaggle Mug,KaggleMart,1326
3728,2018,7,1,Finland,Kaggle Mug,KaggleMart,1268
3818,2018,8,1,Finland,Kaggle Mug,KaggleMart,1365
3908,2018,9,1,Finland,Kaggle Mug,KaggleMart,1458
3998,2018,10,1,Finland,Kaggle Mug,KaggleMart,1500
4088,2018,11,1,Finland,Kaggle Mug,KaggleMart,1707
4178,2018,12,1,Finland,Kaggle Mug,KaggleMart,1747
