,year,month,week,country,product,store,num_sold
55,2015,1,4,Finland,Kaggle Hat,KaggleRama,3982
145,2015,2,4,Finland,Kaggle Hat,KaggleRama,4577
217,2015,3,4,Finland,Kaggle Hat,KaggleRama,4660
307,2015,4,4,Finland,Kaggle Hat,KaggleRama,4475
397,2015,5,4,Finland,Kaggle Hat,KaggleRama,4704
487,2015,6,4,Finland,Kaggle Hat,KaggleRama,4806
577,2015,7,4,Finland,Kaggle Hat,KaggleRama,3506
667,2015,8,4,Finland,Kaggle Hat,KaggleRama,3175
757,2015,9,4,Finland,Kaggle Hat,KaggleRama,3052
847,2015,10,4,Finland,Kaggle Hat,KaggleRama,3109
937,2015,11,4,Finland,Kaggle Hat,KaggleRama,3380
1027,2015,12,4,Finland,Kaggle Hat,KaggleRama,5079
1117,2016,1,4,Finland,Kaggle Hat,KaggleRama,4418
1207,2016,2,4,Finland,Kaggle Hat,KaggleRama,4583
1297,2016,3,4,Finland,Kaggle Hat,KaggleRama,4919
1387,2016,4,4,Finland,Kaggle Hat,KaggleRama,4745
1477,2016,5,4,Finland,Kaggle Hat,KaggleRama,4562
1567,2016,6,4,Finland,Kaggle Hat,KaggleRama,4382
1657,2016,7,4,Finland,Kaggle Hat,KaggleRama,3573
1747,2016,8,4,Finland,Kaggle Hat,KaggleRama,3324
1837,2016,9,4,Finland,Kaggle Hat,KaggleRama,3139
1927,2016,10,4,Finland,Kaggle Hat,KaggleRama,3173
2017,2016,11,4,Finland,Kaggle Hat,KaggleRama,3376
2107,2016,12,4,Finland,Kaggle Hat,KaggleRama,5056
2197,2017,1,4,Finland,Kaggle Hat,KaggleRama,4683
2287,2017,2,4,Finland,Kaggle Hat,KaggleRama,5020
2359,2017,3,4,Finland,Kaggle Hat,KaggleRama,4969
2449,2017,4,4,Finland,Kaggle Hat,KaggleRama,5733
2539,2017,5,4,Finland,Kaggle Hat,KaggleRama,4948
2629,2017,6,4,Finland,Kaggle Hat,KaggleRama,5025
2719,2017,7,4,Finland,Kaggle Hat,KaggleRama,3965
2809,2017,8,4,Finland,Kaggle Hat,KaggleRama,3628
2899,2017,9,4,Finland,Kaggle Hat,KaggleRama,3520
2989,2017,10,4,Finland,Kaggle Hat,KaggleRama,3364
3079,2017,11,4,Finland,Kaggle Hat,KaggleRama,3873
3169,2017,12,4,Finland,Kaggle Hat,KaggleRama,5774
3259,2018,1,4,Finland,Kaggle Hat,KaggleRama,5256
3349,2018,2,4,Finland,Kaggle Hat,KaggleRama,5279
3421,2018,3,4,Finland,Kaggle Hat,KaggleRama,5413
3511,2018,4,4,Finland,Kaggle Hat,KaggleRama,5544
3601,2018,5,4,Finland,Kaggle Hat,KaggleRama,5769
3691,2018,6,4,Finland,Kaggle Hat,KaggleRama,5665
3781,2018,7,4,Finland,Kaggle Hat,KaggleRama,4223
3871,2018,8,4,Finland,Kaggle Hat,KaggleRama,3889
3961,2018,9,4,Finland,Kaggle Hat,KaggleRama,3620
4051,2018,10,4,Finland,Kaggle Hat,KaggleRama,3702
4141,2018,11,4,Finland,Kaggle Hat,KaggleRama,4040
4231,2018,12,4,Finland,Kaggle Hat,KaggleRama,5929
