,year,month,week,country,product,store,num_sold
89,2015,1,5,Sweden,Kaggle Sticker,KaggleRama,549
251,2015,3,5,Sweden,Kaggle Sticker,KaggleRama,562
341,2015,4,5,Sweden,Kaggle Sticker,KaggleRama,341
431,2015,5,5,Sweden,Kaggle Sticker,KaggleRama,740
521,2015,6,5,Sweden,Kaggle Sticker,KaggleRama,363
611,2015,7,5,Sweden,Kaggle Sticker,KaggleRama,553
701,2015,8,5,Sweden,Kaggle Sticker,KaggleRama,603
791,2015,9,5,Sweden,Kaggle Sticker,KaggleRama,333
881,2015,10,5,Sweden,Kaggle Sticker,KaggleRama,573
971,2015,11,5,Sweden,Kaggle Sticker,KaggleRama,376
1061,2015,12,5,Sweden,Kaggle Sticker,KaggleRama,1251
1151,2016,1,5,Sweden,Kaggle Sticker,KaggleRama,636
1241,2016,2,5,Sweden,Kaggle Sticker,KaggleRama,192
1331,2016,3,5,Sweden,Kaggle Sticker,KaggleRama,714
1421,2016,4,5,Sweden,Kaggle Sticker,KaggleRama,407
1511,2016,5,5,Sweden,Kaggle Sticker,KaggleRama,583
1601,2016,6,5,Sweden,Kaggle Sticker,KaggleRama,470
1691,2016,7,5,Sweden,Kaggle Sticker,KaggleRama,609
1781,2016,8,5,Sweden,Kaggle Sticker,KaggleRama,544
1871,2016,9,5,Sweden,Kaggle Sticker,KaggleRama,369
1961,2016,10,5,Sweden,Kaggle Sticker,KaggleRama,606
2051,2016,11,5,Sweden,Kaggle Sticker,KaggleRama,369
2141,2016,12,5,Sweden,Kaggle Sticker,KaggleRama,1378
2231,2017,1,5,Sweden,Kaggle Sticker,KaggleRama,613
2393,2017,3,5,Sweden,Kaggle Sticker,KaggleRama,571
2483,2017,4,5,Sweden,Kaggle Sticker,KaggleRama,495
2573,2017,5,5,Sweden,Kaggle Sticker,KaggleRama,646
2663,2017,6,5,Sweden,Kaggle Sticker,KaggleRama,485
2753,2017,7,5,Sweden,Kaggle Sticker,KaggleRama,671
2843,2017,8,5,Sweden,Kaggle Sticker,KaggleRama,575
2933,2017,9,5,Sweden,Kaggle Sticker,KaggleRama,417
3023,2017,10,5,Sweden,Kaggle Sticker,KaggleRama,609
3113,2017,11,5,Sweden,Kaggle Sticker,KaggleRama,373
3203,2017,12,5,Sweden,Kaggle Sticker,KaggleRama,1664
3293,2018,1,5,Sweden,Kaggle Sticker,KaggleRama,608
3455,2018,3,5,Sweden,Kaggle Sticker,KaggleRama,648
3545,2018,4,5,Sweden,Kaggle Sticker,KaggleRama,396
3635,2018,5,5,Sweden,Kaggle Sticker,KaggleRama,598
3725,2018,6,5,Sweden,Kaggle Sticker,KaggleRama,532
3815,2018,7,5,Sweden,Kaggle Sticker,KaggleRama,614
3905,2018,8,5,Sweden,Kaggle Sticker,KaggleRama,552
3995,2018,9,5,Sweden,Kaggle Sticker,KaggleRama,475
4085,2018,10,5,Sweden,Kaggle Sticker,KaggleRama,568
4175,2018,11,5,Sweden,Kaggle Sticker,KaggleRama,375
4265,2018,12,5,Sweden,Kaggle Sticker,KaggleRama,1571
