,year,month,week,country,product,store,num_sold
37,2015,1,3,Finland,Kaggle Hat,KaggleRama,4003
127,2015,2,3,Finland,Kaggle Hat,KaggleRama,4523
199,2015,3,3,Finland,Kaggle Hat,KaggleRama,4560
289,2015,4,3,Finland,Kaggle Hat,KaggleRama,4652
379,2015,5,3,Finland,Kaggle Hat,KaggleRama,4884
469,2015,6,3,Finland,Kaggle Hat,KaggleRama,4141
559,2015,7,3,Finland,Kaggle Hat,KaggleRama,3629
649,2015,8,3,Finland,Kaggle Hat,KaggleRama,3218
739,2015,9,3,Finland,Kaggle Hat,KaggleRama,2995
829,2015,10,3,Finland,Kaggle Hat,KaggleRama,3021
919,2015,11,3,Finland,Kaggle Hat,KaggleRama,3298
1009,2015,12,3,Finland,Kaggle Hat,KaggleRama,3550
1099,2016,1,3,Finland,Kaggle Hat,KaggleRama,4287
1189,2016,2,3,Finland,Kaggle Hat,KaggleRama,4471
1279,2016,3,3,Finland,Kaggle Hat,KaggleRama,4882
1369,2016,4,3,Finland,Kaggle Hat,KaggleRama,4851
1459,2016,5,3,Finland,Kaggle Hat,KaggleRama,4937
1549,2016,6,3,Finland,Kaggle Hat,KaggleRama,4261
1639,2016,7,3,Finland,Kaggle Hat,KaggleRama,3691
1729,2016,8,3,Finland,Kaggle Hat,KaggleRama,3334
1819,2016,9,3,Finland,Kaggle Hat,KaggleRama,3068
1909,2016,10,3,Finland,Kaggle Hat,KaggleRama,3193
1999,2016,11,3,Finland,Kaggle Hat,KaggleRama,3395
2089,2016,12,3,Finland,Kaggle Hat,KaggleRama,3948
2179,2017,1,3,Finland,Kaggle Hat,KaggleRama,4530
2269,2017,2,3,Finland,Kaggle Hat,KaggleRama,4978
2341,2017,3,3,Finland,Kaggle Hat,KaggleRama,5209
2431,2017,4,3,Finland,Kaggle Hat,KaggleRama,6271
2521,2017,5,3,Finland,Kaggle Hat,KaggleRama,5073
2611,2017,6,3,Finland,Kaggle Hat,KaggleRama,4412
2701,2017,7,3,Finland,Kaggle Hat,KaggleRama,3964
2791,2017,8,3,Finland,Kaggle Hat,KaggleRama,3564
2881,2017,9,3,Finland,Kaggle Hat,KaggleRama,3514
2971,2017,10,3,Finland,Kaggle Hat,KaggleRama,3341
3061,2017,11,3,Finland,Kaggle Hat,KaggleRama,3717
3151,2017,12,3,Finland,Kaggle Hat,KaggleRama,4264
3241,2018,1,3,Finland,Kaggle Hat,KaggleRama,5275
3331,2018,2,3,Finland,Kaggle Hat,KaggleRama,5457
3403,2018,3,3,Finland,Kaggle Hat,KaggleRama,5754
3493,2018,4,3,Finland,Kaggle Hat,KaggleRama,5731
3583,2018,5,3,Finland,Kaggle Hat,KaggleRama,5890
3673,2018,6,3,Finland,Kaggle Hat,KaggleRama,4913
3763,2018,7,3,Finland,Kaggle Hat,KaggleRama,4489
3853,2018,8,3,Finland,Kaggle Hat,KaggleRama,4116
3943,2018,9,3,Finland,Kaggle Hat,KaggleRama,3604
4033,2018,10,3,Finland,Kaggle Hat,KaggleRama,3731
4123,2018,11,3,Finland,Kaggle Hat,KaggleRama,3978
4213,2018,12,3,Finland,Kaggle Hat,KaggleRama,4495
