,year,month,week,country,product,store,num_sold
41,2015,1,3,Finland,Kaggle Sticker,KaggleRama,1075
131,2015,2,3,Finland,Kaggle Sticker,KaggleRama,1079
203,2015,3,3,Finland,Kaggle Sticker,KaggleRama,1120
293,2015,4,3,Finland,Kaggle Sticker,KaggleRama,1078
383,2015,5,3,Finland,Kaggle Sticker,KaggleRama,1225
473,2015,6,3,Finland,Kaggle Sticker,KaggleRama,1156
563,2015,7,3,Finland,Kaggle Sticker,KaggleRama,1079
653,2015,8,3,Finland,Kaggle Sticker,KaggleRama,1074
743,2015,9,3,Finland,Kaggle Sticker,KaggleRama,1145
833,2015,10,3,Finland,Kaggle Sticker,KaggleRama,1110
923,2015,11,3,Finland,Kaggle Sticker,KaggleRama,1105
1013,2015,12,3,Finland,Kaggle Sticker,KaggleRama,1100
1103,2016,1,3,Finland,Kaggle Sticker,KaggleRama,1154
1193,2016,2,3,Finland,Kaggle Sticker,KaggleRama,1120
1283,2016,3,3,Finland,Kaggle Sticker,KaggleRama,1131
1373,2016,4,3,Finland,Kaggle Sticker,KaggleRama,1104
1463,2016,5,3,Finland,Kaggle Sticker,KaggleRama,1213
1553,2016,6,3,Finland,Kaggle Sticker,KaggleRama,1109
1643,2016,7,3,Finland,Kaggle Sticker,KaggleRama,1129
1733,2016,8,3,Finland,Kaggle Sticker,KaggleRama,1102
1823,2016,9,3,Finland,Kaggle Sticker,KaggleRama,1095
1913,2016,10,3,Finland,Kaggle Sticker,KaggleRama,1155
2003,2016,11,3,Finland,Kaggle Sticker,KaggleRama,1143
2093,2016,12,3,Finland,Kaggle Sticker,KaggleRama,1153
2183,2017,1,3,Finland,Kaggle Sticker,KaggleRama,1204
2273,2017,2,3,Finland,Kaggle Sticker,KaggleRama,1270
2345,2017,3,3,Finland,Kaggle Sticker,KaggleRama,1194
2435,2017,4,3,Finland,Kaggle Sticker,KaggleRama,1495
2525,2017,5,3,Finland,Kaggle Sticker,KaggleRama,1222
2615,2017,6,3,Finland,Kaggle Sticker,KaggleRama,1224
2705,2017,7,3,Finland,Kaggle Sticker,KaggleRama,1275
2795,2017,8,3,Finland,Kaggle Sticker,KaggleRama,1284
2885,2017,9,3,Finland,Kaggle Sticker,KaggleRama,1262
2975,2017,10,3,Finland,Kaggle Sticker,KaggleRama,1235
3065,2017,11,3,Finland,Kaggle Sticker,KaggleRama,1313
3155,2017,12,3,Finland,Kaggle Sticker,KaggleRama,1306
3245,2018,1,3,Finland,Kaggle Sticker,KaggleRama,1320
3335,2018,2,3,Finland,Kaggle Sticker,KaggleRama,1310
3407,2018,3,3,Finland,Kaggle Sticker,KaggleRama,1318
3497,2018,4,3,Finland,Kaggle Sticker,KaggleRama,1359
3587,2018,5,3,Finland,Kaggle Sticker,KaggleRama,1482
3677,2018,6,3,Finland,Kaggle Sticker,KaggleRama,1422
3767,2018,7,3,Finland,Kaggle Sticker,KaggleRama,1361
3857,2018,8,3,Finland,Kaggle Sticker,KaggleRama,1349
3947,2018,9,3,Finland,Kaggle Sticker,KaggleRama,1377
4037,2018,10,3,Finland,Kaggle Sticker,KaggleRama,1325
4127,2018,11,3,Finland,Kaggle Sticker,KaggleRama,1335
4217,2018,12,3,Finland,Kaggle Sticker,KaggleRama,1350
