,year,month,week,country,product,store,num_sold
8,2015,1,1,Norway,Kaggle Mug,KaggleMart,3475
98,2015,2,1,Norway,Kaggle Mug,KaggleMart,2381
170,2015,3,1,Norway,Kaggle Mug,KaggleMart,2246
260,2015,4,1,Norway,Kaggle Mug,KaggleMart,2494
350,2015,5,1,Norway,Kaggle Mug,KaggleMart,2214
440,2015,6,1,Norway,Kaggle Mug,KaggleMart,1941
530,2015,7,1,Norway,Kaggle Mug,KaggleMart,1788
620,2015,8,1,Norway,Kaggle Mug,KaggleMart,1893
710,2015,9,1,Norway,Kaggle Mug,KaggleMart,2005
800,2015,10,1,Norway,Kaggle Mug,KaggleMart,2115
890,2015,11,1,Norway,Kaggle Mug,KaggleMart,2352
980,2015,12,1,Norway,Kaggle Mug,KaggleMart,2372
1070,2016,1,1,Norway,Kaggle Mug,KaggleMart,3014
1160,2016,2,1,Norway,Kaggle Mug,KaggleMart,2387
1250,2016,3,1,Norway,Kaggle Mug,KaggleMart,2252
1340,2016,4,1,Norway,Kaggle Mug,KaggleMart,2305
1430,2016,5,1,Norway,Kaggle Mug,KaggleMart,2085
1520,2016,6,1,Norway,Kaggle Mug,KaggleMart,1794
1610,2016,7,1,Norway,Kaggle Mug,KaggleMart,1776
1700,2016,8,1,Norway,Kaggle Mug,KaggleMart,1783
1790,2016,9,1,Norway,Kaggle Mug,KaggleMart,1899
1880,2016,10,1,Norway,Kaggle Mug,KaggleMart,2089
1970,2016,11,1,Norway,Kaggle Mug,KaggleMart,2311
2060,2016,12,1,Norway,Kaggle Mug,KaggleMart,2378
2150,2017,1,1,Norway,Kaggle Mug,KaggleMart,3128
2240,2017,2,1,Norway,Kaggle Mug,KaggleMart,2552
2312,2017,3,1,Norway,Kaggle Mug,KaggleMart,2394
2402,2017,4,1,Norway,Kaggle Mug,KaggleMart,2205
2492,2017,5,1,Norway,Kaggle Mug,KaggleMart,2267
2582,2017,6,1,Norway,Kaggle Mug,KaggleMart,2040
2672,2017,7,1,Norway,Kaggle Mug,KaggleMart,2019
2762,2017,8,1,Norway,Kaggle Mug,KaggleMart,2036
2852,2017,9,1,Norway,Kaggle Mug,KaggleMart,2089
2942,2017,10,1,Norway,Kaggle Mug,KaggleMart,2284
3032,2017,11,1,Norway,Kaggle Mug,KaggleMart,2639
3122,2017,12,1,Norway,Kaggle Mug,KaggleMart,2716
3212,2018,1,1,Norway,Kaggle Mug,KaggleMart,3621
3302,2018,2,1,Norway,Kaggle Mug,KaggleMart,2788
3374,2018,3,1,Norway,Kaggle Mug,KaggleMart,2679
3464,2018,4,1,Norway,Kaggle Mug,KaggleMart,3477
3554,2018,5,1,Norway,Kaggle Mug,KaggleMart,2635
3644,2018,6,1,Norway,Kaggle Mug,KaggleMart,2208
3734,2018,7,1,Norway,Kaggle Mug,KaggleMart,2162
3824,2018,8,1,Norway,Kaggle Mug,KaggleMart,2222
3914,2018,9,1,Norway,Kaggle Mug,KaggleMart,2282
4004,2018,10,1,Norway,Kaggle Mug,KaggleMart,2533
4094,2018,11,1,Norway,Kaggle Mug,KaggleMart,2640
4184,2018,12,1,Norway,Kaggle Mug,KaggleMart,2877
