,year,month,week,country,product,store,num_sold
48,2015,1,3,Sweden,Kaggle Hat,KaggleMart,2736
138,2015,2,3,Sweden,Kaggle Hat,KaggleMart,3140
210,2015,3,3,Sweden,Kaggle Hat,KaggleMart,3127
300,2015,4,3,Sweden,Kaggle Hat,KaggleMart,3153
390,2015,5,3,Sweden,Kaggle Hat,KaggleMart,3352
480,2015,6,3,Sweden,Kaggle Hat,KaggleMart,2856
570,2015,7,3,Sweden,Kaggle Hat,KaggleMart,2386
660,2015,8,3,Sweden,Kaggle Hat,KaggleMart,2184
750,2015,9,3,Sweden,Kaggle Hat,KaggleMart,2050
840,2015,10,3,Sweden,Kaggle Hat,KaggleMart,2131
930,2015,11,3,Sweden,Kaggle Hat,KaggleMart,2210
1020,2015,12,3,Sweden,Kaggle Hat,KaggleMart,2412
1110,2016,1,3,Sweden,Kaggle Hat,KaggleMart,2955
1200,2016,2,3,Sweden,Kaggle Hat,KaggleMart,3132
1290,2016,3,3,Sweden,Kaggle Hat,KaggleMart,3301
1380,2016,4,3,Sweden,Kaggle Hat,KaggleMart,3247
1470,2016,5,3,Sweden,Kaggle Hat,KaggleMart,3516
1560,2016,6,3,Sweden,Kaggle Hat,KaggleMart,2889
1650,2016,7,3,Sweden,Kaggle Hat,KaggleMart,2560
1740,2016,8,3,Sweden,Kaggle Hat,KaggleMart,2289
1830,2016,9,3,Sweden,Kaggle Hat,KaggleMart,2110
1920,2016,10,3,Sweden,Kaggle Hat,KaggleMart,2123
2010,2016,11,3,Sweden,Kaggle Hat,KaggleMart,2370
2100,2016,12,3,Sweden,Kaggle Hat,KaggleMart,2513
2190,2017,1,3,Sweden,Kaggle Hat,KaggleMart,2932
2280,2017,2,3,Sweden,Kaggle Hat,KaggleMart,3248
2352,2017,3,3,Sweden,Kaggle Hat,KaggleMart,3381
2442,2017,4,3,Sweden,Kaggle Hat,KaggleMart,4351
2532,2017,5,3,Sweden,Kaggle Hat,KaggleMart,3304
2622,2017,6,3,Sweden,Kaggle Hat,KaggleMart,3029
2712,2017,7,3,Sweden,Kaggle Hat,KaggleMart,2728
2802,2017,8,3,Sweden,Kaggle Hat,KaggleMart,2453
2892,2017,9,3,Sweden,Kaggle Hat,KaggleMart,2289
2982,2017,10,3,Sweden,Kaggle Hat,KaggleMart,2276
3072,2017,11,3,Sweden,Kaggle Hat,KaggleMart,2496
3162,2017,12,3,Sweden,Kaggle Hat,KaggleMart,2857
3252,2018,1,3,Sweden,Kaggle Hat,KaggleMart,3246
3342,2018,2,3,Sweden,Kaggle Hat,KaggleMart,3345
3414,2018,3,3,Sweden,Kaggle Hat,KaggleMart,3615
3504,2018,4,3,Sweden,Kaggle Hat,KaggleMart,3536
3594,2018,5,3,Sweden,Kaggle Hat,KaggleMart,3483
3684,2018,6,3,Sweden,Kaggle Hat,KaggleMart,3145
3774,2018,7,3,Sweden,Kaggle Hat,KaggleMart,2747
3864,2018,8,3,Sweden,Kaggle Hat,KaggleMart,2373
3954,2018,9,3,Sweden,Kaggle Hat,KaggleMart,2202
4044,2018,10,3,Sweden,Kaggle Hat,KaggleMart,2329
4134,2018,11,3,Sweden,Kaggle Hat,KaggleMart,2526
4224,2018,12,3,Sweden,Kaggle Hat,KaggleMart,2694
