,year,month,week,country,product,store,num_sold
51,2015,1,3,Sweden,Kaggle Mug,KaggleRama,2868
141,2015,2,3,Sweden,Kaggle Mug,KaggleRama,2886
213,2015,3,3,Sweden,Kaggle Mug,KaggleRama,2748
303,2015,4,3,Sweden,Kaggle Mug,KaggleRama,2426
393,2015,5,3,Sweden,Kaggle Mug,KaggleRama,2562
483,2015,6,3,Sweden,Kaggle Mug,KaggleRama,2267
573,2015,7,3,Sweden,Kaggle Mug,KaggleRama,2193
663,2015,8,3,Sweden,Kaggle Mug,KaggleRama,2331
753,2015,9,3,Sweden,Kaggle Mug,KaggleRama,2469
843,2015,10,3,Sweden,Kaggle Mug,KaggleRama,2701
933,2015,11,3,Sweden,Kaggle Mug,KaggleRama,2946
1023,2015,12,3,Sweden,Kaggle Mug,KaggleRama,2954
1113,2016,1,3,Sweden,Kaggle Mug,KaggleRama,3111
1203,2016,2,3,Sweden,Kaggle Mug,KaggleRama,2964
1293,2016,3,3,Sweden,Kaggle Mug,KaggleRama,2736
1383,2016,4,3,Sweden,Kaggle Mug,KaggleRama,2514
1473,2016,5,3,Sweden,Kaggle Mug,KaggleRama,2659
1563,2016,6,3,Sweden,Kaggle Mug,KaggleRama,2287
1653,2016,7,3,Sweden,Kaggle Mug,KaggleRama,2252
1743,2016,8,3,Sweden,Kaggle Mug,KaggleRama,2402
1833,2016,9,3,Sweden,Kaggle Mug,KaggleRama,2550
1923,2016,10,3,Sweden,Kaggle Mug,KaggleRama,2844
2013,2016,11,3,Sweden,Kaggle Mug,KaggleRama,2957
2103,2016,12,3,Sweden,Kaggle Mug,KaggleRama,3041
2193,2017,1,3,Sweden,Kaggle Mug,KaggleRama,3223
2283,2017,2,3,Sweden,Kaggle Mug,KaggleRama,3135
2355,2017,3,3,Sweden,Kaggle Mug,KaggleRama,2835
2445,2017,4,3,Sweden,Kaggle Mug,KaggleRama,3291
2535,2017,5,3,Sweden,Kaggle Mug,KaggleRama,2470
2625,2017,6,3,Sweden,Kaggle Mug,KaggleRama,2404
2715,2017,7,3,Sweden,Kaggle Mug,KaggleRama,2376
2805,2017,8,3,Sweden,Kaggle Mug,KaggleRama,2568
2895,2017,9,3,Sweden,Kaggle Mug,KaggleRama,2762
2985,2017,10,3,Sweden,Kaggle Mug,KaggleRama,2975
3075,2017,11,3,Sweden,Kaggle Mug,KaggleRama,3147
3165,2017,12,3,Sweden,Kaggle Mug,KaggleRama,3341
3255,2018,1,3,Sweden,Kaggle Mug,KaggleRama,3367
3345,2018,2,3,Sweden,Kaggle Mug,KaggleRama,3145
3417,2018,3,3,Sweden,Kaggle Mug,KaggleRama,3056
3507,2018,4,3,Sweden,Kaggle Mug,KaggleRama,2738
3597,2018,5,3,Sweden,Kaggle Mug,KaggleRama,2631
3687,2018,6,3,Sweden,Kaggle Mug,KaggleRama,2431
3777,2018,7,3,Sweden,Kaggle Mug,KaggleRama,2434
3867,2018,8,3,Sweden,Kaggle Mug,KaggleRama,2616
3957,2018,9,3,Sweden,Kaggle Mug,KaggleRama,2731
4047,2018,10,3,Sweden,Kaggle Mug,KaggleRama,3004
4137,2018,11,3,Sweden,Kaggle Mug,KaggleRama,3213
4227,2018,12,3,Sweden,Kaggle Mug,KaggleRama,3276
