,year,month,week,country,product,store,num_sold
80,2015,1,5,Norway,Kaggle Mug,KaggleMart,1061
242,2015,3,5,Norway,Kaggle Mug,KaggleMart,937
332,2015,4,5,Norway,Kaggle Mug,KaggleMart,515
422,2015,5,5,Norway,Kaggle Mug,KaggleMart,1088
512,2015,6,5,Norway,Kaggle Mug,KaggleMart,488
602,2015,7,5,Norway,Kaggle Mug,KaggleMart,754
692,2015,8,5,Norway,Kaggle Mug,KaggleMart,899
782,2015,9,5,Norway,Kaggle Mug,KaggleMart,545
872,2015,10,5,Norway,Kaggle Mug,KaggleMart,977
962,2015,11,5,Norway,Kaggle Mug,KaggleMart,767
1052,2015,12,5,Norway,Kaggle Mug,KaggleMart,2154
1142,2016,1,5,Norway,Kaggle Mug,KaggleMart,1077
1232,2016,2,5,Norway,Kaggle Mug,KaggleMart,315
1322,2016,3,5,Norway,Kaggle Mug,KaggleMart,1222
1412,2016,4,5,Norway,Kaggle Mug,KaggleMart,642
1502,2016,5,5,Norway,Kaggle Mug,KaggleMart,733
1592,2016,6,5,Norway,Kaggle Mug,KaggleMart,443
1682,2016,7,5,Norway,Kaggle Mug,KaggleMart,832
1772,2016,8,5,Norway,Kaggle Mug,KaggleMart,745
1862,2016,9,5,Norway,Kaggle Mug,KaggleMart,597
1952,2016,10,5,Norway,Kaggle Mug,KaggleMart,1037
2042,2016,11,5,Norway,Kaggle Mug,KaggleMart,604
2132,2016,12,5,Norway,Kaggle Mug,KaggleMart,2439
2222,2017,1,5,Norway,Kaggle Mug,KaggleMart,1138
2384,2017,3,5,Norway,Kaggle Mug,KaggleMart,898
2474,2017,4,5,Norway,Kaggle Mug,KaggleMart,698
2564,2017,5,5,Norway,Kaggle Mug,KaggleMart,899
2654,2017,6,5,Norway,Kaggle Mug,KaggleMart,526
2744,2017,7,5,Norway,Kaggle Mug,KaggleMart,961
2834,2017,8,5,Norway,Kaggle Mug,KaggleMart,837
2924,2017,9,5,Norway,Kaggle Mug,KaggleMart,694
3014,2017,10,5,Norway,Kaggle Mug,KaggleMart,1020
3104,2017,11,5,Norway,Kaggle Mug,KaggleMart,708
3194,2017,12,5,Norway,Kaggle Mug,KaggleMart,2719
3284,2018,1,5,Norway,Kaggle Mug,KaggleMart,1166
3446,2018,3,5,Norway,Kaggle Mug,KaggleMart,1166
3536,2018,4,5,Norway,Kaggle Mug,KaggleMart,690
3626,2018,5,5,Norway,Kaggle Mug,KaggleMart,885
3716,2018,6,5,Norway,Kaggle Mug,KaggleMart,670
3806,2018,7,5,Norway,Kaggle Mug,KaggleMart,875
3896,2018,8,5,Norway,Kaggle Mug,KaggleMart,904
3986,2018,9,5,Norway,Kaggle Mug,KaggleMart,794
4076,2018,10,5,Norway,Kaggle Mug,KaggleMart,1120
4166,2018,11,5,Norway,Kaggle Mug,KaggleMart,760
4256,2018,12,5,Norway,Kaggle Mug,KaggleMart,2893
