,year,month,week,country,product,store,num_sold
81,2015,1,5,Norway,Kaggle Mug,KaggleRama,1765
243,2015,3,5,Norway,Kaggle Mug,KaggleRama,1610
333,2015,4,5,Norway,Kaggle Mug,KaggleRama,939
423,2015,5,5,Norway,Kaggle Mug,KaggleRama,1989
513,2015,6,5,Norway,Kaggle Mug,KaggleRama,873
603,2015,7,5,Norway,Kaggle Mug,KaggleRama,1299
693,2015,8,5,Norway,Kaggle Mug,KaggleRama,1444
783,2015,9,5,Norway,Kaggle Mug,KaggleRama,922
873,2015,10,5,Norway,Kaggle Mug,KaggleRama,1678
963,2015,11,5,Norway,Kaggle Mug,KaggleRama,1304
1053,2015,12,5,Norway,Kaggle Mug,KaggleRama,3781
1143,2016,1,5,Norway,Kaggle Mug,KaggleRama,1924
1233,2016,2,5,Norway,Kaggle Mug,KaggleRama,524
1323,2016,3,5,Norway,Kaggle Mug,KaggleRama,2048
1413,2016,4,5,Norway,Kaggle Mug,KaggleRama,971
1503,2016,5,5,Norway,Kaggle Mug,KaggleRama,1376
1593,2016,6,5,Norway,Kaggle Mug,KaggleRama,812
1683,2016,7,5,Norway,Kaggle Mug,KaggleRama,1481
1773,2016,8,5,Norway,Kaggle Mug,KaggleRama,1338
1863,2016,9,5,Norway,Kaggle Mug,KaggleRama,970
1953,2016,10,5,Norway,Kaggle Mug,KaggleRama,1842
2043,2016,11,5,Norway,Kaggle Mug,KaggleRama,1038
2133,2016,12,5,Norway,Kaggle Mug,KaggleRama,3993
2223,2017,1,5,Norway,Kaggle Mug,KaggleRama,1862
2385,2017,3,5,Norway,Kaggle Mug,KaggleRama,1584
2475,2017,4,5,Norway,Kaggle Mug,KaggleRama,1205
2565,2017,5,5,Norway,Kaggle Mug,KaggleRama,1543
2655,2017,6,5,Norway,Kaggle Mug,KaggleRama,914
2745,2017,7,5,Norway,Kaggle Mug,KaggleRama,1534
2835,2017,8,5,Norway,Kaggle Mug,KaggleRama,1495
2925,2017,9,5,Norway,Kaggle Mug,KaggleRama,1261
3015,2017,10,5,Norway,Kaggle Mug,KaggleRama,1876
3105,2017,11,5,Norway,Kaggle Mug,KaggleRama,1226
3195,2017,12,5,Norway,Kaggle Mug,KaggleRama,4897
3285,2018,1,5,Norway,Kaggle Mug,KaggleRama,1860
3447,2018,3,5,Norway,Kaggle Mug,KaggleRama,2115
3537,2018,4,5,Norway,Kaggle Mug,KaggleRama,1241
3627,2018,5,5,Norway,Kaggle Mug,KaggleRama,1577
3717,2018,6,5,Norway,Kaggle Mug,KaggleRama,1138
3807,2018,7,5,Norway,Kaggle Mug,KaggleRama,1570
3897,2018,8,5,Norway,Kaggle Mug,KaggleRama,1707
3987,2018,9,5,Norway,Kaggle Mug,KaggleRama,1323
4077,2018,10,5,Norway,Kaggle Mug,KaggleRama,1916
4167,2018,11,5,Norway,Kaggle Mug,KaggleRama,1348
4257,2018,12,5,Norway,Kaggle Mug,KaggleRama,5134
