,year,month,week,country,product,store,num_sold
59,2015,1,4,Finland,Kaggle Sticker,KaggleRama,1077
149,2015,2,4,Finland,Kaggle Sticker,KaggleRama,1072
221,2015,3,4,Finland,Kaggle Sticker,KaggleRama,1090
311,2015,4,4,Finland,Kaggle Sticker,KaggleRama,1108
401,2015,5,4,Finland,Kaggle Sticker,KaggleRama,1161
491,2015,6,4,Finland,Kaggle Sticker,KaggleRama,1306
581,2015,7,4,Finland,Kaggle Sticker,KaggleRama,1126
671,2015,8,4,Finland,Kaggle Sticker,KaggleRama,1101
761,2015,9,4,Finland,Kaggle Sticker,KaggleRama,1092
851,2015,10,4,Finland,Kaggle Sticker,KaggleRama,1134
941,2015,11,4,Finland,Kaggle Sticker,KaggleRama,1086
1031,2015,12,4,Finland,Kaggle Sticker,KaggleRama,1533
1121,2016,1,4,Finland,Kaggle Sticker,KaggleRama,1117
1211,2016,2,4,Finland,Kaggle Sticker,KaggleRama,1122
1301,2016,3,4,Finland,Kaggle Sticker,KaggleRama,1135
1391,2016,4,4,Finland,Kaggle Sticker,KaggleRama,1159
1481,2016,5,4,Finland,Kaggle Sticker,KaggleRama,1134
1571,2016,6,4,Finland,Kaggle Sticker,KaggleRama,1255
1661,2016,7,4,Finland,Kaggle Sticker,KaggleRama,1164
1751,2016,8,4,Finland,Kaggle Sticker,KaggleRama,1112
1841,2016,9,4,Finland,Kaggle Sticker,KaggleRama,1102
1931,2016,10,4,Finland,Kaggle Sticker,KaggleRama,1129
2021,2016,11,4,Finland,Kaggle Sticker,KaggleRama,1134
2111,2016,12,4,Finland,Kaggle Sticker,KaggleRama,1560
2201,2017,1,4,Finland,Kaggle Sticker,KaggleRama,1206
2291,2017,2,4,Finland,Kaggle Sticker,KaggleRama,1252
2363,2017,3,4,Finland,Kaggle Sticker,KaggleRama,1243
2453,2017,4,4,Finland,Kaggle Sticker,KaggleRama,1387
2543,2017,5,4,Finland,Kaggle Sticker,KaggleRama,1278
2633,2017,6,4,Finland,Kaggle Sticker,KaggleRama,1381
2723,2017,7,4,Finland,Kaggle Sticker,KaggleRama,1225
2813,2017,8,4,Finland,Kaggle Sticker,KaggleRama,1247
2903,2017,9,4,Finland,Kaggle Sticker,KaggleRama,1226
2993,2017,10,4,Finland,Kaggle Sticker,KaggleRama,1243
3083,2017,11,4,Finland,Kaggle Sticker,KaggleRama,1249
3173,2017,12,4,Finland,Kaggle Sticker,KaggleRama,1657
3263,2018,1,4,Finland,Kaggle Sticker,KaggleRama,1348
3353,2018,2,4,Finland,Kaggle Sticker,KaggleRama,1317
3425,2018,3,4,Finland,Kaggle Sticker,KaggleRama,1328
3515,2018,4,4,Finland,Kaggle Sticker,KaggleRama,1306
3605,2018,5,4,Finland,Kaggle Sticker,KaggleRama,1480
3695,2018,6,4,Finland,Kaggle Sticker,KaggleRama,1613
3785,2018,7,4,Finland,Kaggle Sticker,KaggleRama,1360
3875,2018,8,4,Finland,Kaggle Sticker,KaggleRama,1354
3965,2018,9,4,Finland,Kaggle Sticker,KaggleRama,1325
4055,2018,10,4,Finland,Kaggle Sticker,KaggleRama,1373
4145,2018,11,4,Finland,Kaggle Sticker,KaggleRama,1334
4235,2018,12,4,Finland,Kaggle Sticker,KaggleRama,1781
