,year,month,week,country,product,store,num_sold
73,2015,1,5,Finland,Kaggle Hat,KaggleRama,1776
235,2015,3,5,Finland,Kaggle Hat,KaggleRama,2016
325,2015,4,5,Finland,Kaggle Hat,KaggleRama,1169
415,2015,5,5,Finland,Kaggle Hat,KaggleRama,2197
505,2015,6,5,Finland,Kaggle Hat,KaggleRama,966
595,2015,7,5,Finland,Kaggle Hat,KaggleRama,1373
685,2015,8,5,Finland,Kaggle Hat,KaggleRama,1341
775,2015,9,5,Finland,Kaggle Hat,KaggleRama,759
865,2015,10,5,Finland,Kaggle Hat,KaggleRama,1351
955,2015,11,5,Finland,Kaggle Hat,KaggleRama,1038
1045,2015,12,5,Finland,Kaggle Hat,KaggleRama,3494
1135,2016,1,5,Finland,Kaggle Hat,KaggleRama,2104
1225,2016,2,5,Finland,Kaggle Hat,KaggleRama,650
1315,2016,3,5,Finland,Kaggle Hat,KaggleRama,2531
1405,2016,4,5,Finland,Kaggle Hat,KaggleRama,1428
1495,2016,5,5,Finland,Kaggle Hat,KaggleRama,1888
1585,2016,6,5,Finland,Kaggle Hat,KaggleRama,1379
1675,2016,7,5,Finland,Kaggle Hat,KaggleRama,1730
1765,2016,8,5,Finland,Kaggle Hat,KaggleRama,1294
1855,2016,9,5,Finland,Kaggle Hat,KaggleRama,873
1945,2016,10,5,Finland,Kaggle Hat,KaggleRama,1445
2035,2016,11,5,Finland,Kaggle Hat,KaggleRama,971
2125,2016,12,5,Finland,Kaggle Hat,KaggleRama,4224
2215,2017,1,5,Finland,Kaggle Hat,KaggleRama,1914
2377,2017,3,5,Finland,Kaggle Hat,KaggleRama,2121
2467,2017,4,5,Finland,Kaggle Hat,KaggleRama,1656
2557,2017,5,5,Finland,Kaggle Hat,KaggleRama,2167
2647,2017,6,5,Finland,Kaggle Hat,KaggleRama,1440
2737,2017,7,5,Finland,Kaggle Hat,KaggleRama,1774
2827,2017,8,5,Finland,Kaggle Hat,KaggleRama,1439
2917,2017,9,5,Finland,Kaggle Hat,KaggleRama,995
3007,2017,10,5,Finland,Kaggle Hat,KaggleRama,1555
3097,2017,11,5,Finland,Kaggle Hat,KaggleRama,1011
3187,2017,12,5,Finland,Kaggle Hat,KaggleRama,4859
3277,2018,1,5,Finland,Kaggle Hat,KaggleRama,2014
3439,2018,3,5,Finland,Kaggle Hat,KaggleRama,2662
3529,2018,4,5,Finland,Kaggle Hat,KaggleRama,1671
3619,2018,5,5,Finland,Kaggle Hat,KaggleRama,2197
3709,2018,6,5,Finland,Kaggle Hat,KaggleRama,1560
3799,2018,7,5,Finland,Kaggle Hat,KaggleRama,1758
3889,2018,8,5,Finland,Kaggle Hat,KaggleRama,1584
3979,2018,9,5,Finland,Kaggle Hat,KaggleRama,1169
4069,2018,10,5,Finland,Kaggle Hat,KaggleRama,1549
4159,2018,11,5,Finland,Kaggle Hat,KaggleRama,1069
4249,2018,12,5,Finland,Kaggle Hat,KaggleRama,5004
