,year,month,week,country,product,store,num_sold
15,2015,1,1,Sweden,Kaggle Mug,KaggleRama,4175
105,2015,2,1,Sweden,Kaggle Mug,KaggleRama,2836
177,2015,3,1,Sweden,Kaggle Mug,KaggleRama,2865
267,2015,4,1,Sweden,Kaggle Mug,KaggleRama,2732
357,2015,5,1,Sweden,Kaggle Mug,KaggleRama,2626
447,2015,6,1,Sweden,Kaggle Mug,KaggleRama,2218
537,2015,7,1,Sweden,Kaggle Mug,KaggleRama,2185
627,2015,8,1,Sweden,Kaggle Mug,KaggleRama,2154
717,2015,9,1,Sweden,Kaggle Mug,KaggleRama,2415
807,2015,10,1,Sweden,Kaggle Mug,KaggleRama,2623
897,2015,11,1,Sweden,Kaggle Mug,KaggleRama,3031
987,2015,12,1,Sweden,Kaggle Mug,KaggleRama,2863
1077,2016,1,1,Sweden,Kaggle Mug,KaggleRama,4260
1167,2016,2,1,Sweden,Kaggle Mug,KaggleRama,3013
1257,2016,3,1,Sweden,Kaggle Mug,KaggleRama,2706
1347,2016,4,1,Sweden,Kaggle Mug,KaggleRama,3002
1437,2016,5,1,Sweden,Kaggle Mug,KaggleRama,2676
1527,2016,6,1,Sweden,Kaggle Mug,KaggleRama,2358
1617,2016,7,1,Sweden,Kaggle Mug,KaggleRama,2352
1707,2016,8,1,Sweden,Kaggle Mug,KaggleRama,2314
1797,2016,9,1,Sweden,Kaggle Mug,KaggleRama,2463
1887,2016,10,1,Sweden,Kaggle Mug,KaggleRama,2721
1977,2016,11,1,Sweden,Kaggle Mug,KaggleRama,3056
2067,2016,12,1,Sweden,Kaggle Mug,KaggleRama,3042
2157,2017,1,1,Sweden,Kaggle Mug,KaggleRama,4282
2247,2017,2,1,Sweden,Kaggle Mug,KaggleRama,3068
2319,2017,3,1,Sweden,Kaggle Mug,KaggleRama,2978
2409,2017,4,1,Sweden,Kaggle Mug,KaggleRama,2744
2499,2017,5,1,Sweden,Kaggle Mug,KaggleRama,2865
2589,2017,6,1,Sweden,Kaggle Mug,KaggleRama,2606
2679,2017,7,1,Sweden,Kaggle Mug,KaggleRama,2448
2769,2017,8,1,Sweden,Kaggle Mug,KaggleRama,2519
2859,2017,9,1,Sweden,Kaggle Mug,KaggleRama,2707
2949,2017,10,1,Sweden,Kaggle Mug,KaggleRama,2860
3039,2017,11,1,Sweden,Kaggle Mug,KaggleRama,3227
3129,2017,12,1,Sweden,Kaggle Mug,KaggleRama,3321
3219,2018,1,1,Sweden,Kaggle Mug,KaggleRama,4639
3309,2018,2,1,Sweden,Kaggle Mug,KaggleRama,3228
3381,2018,3,1,Sweden,Kaggle Mug,KaggleRama,3008
3471,2018,4,1,Sweden,Kaggle Mug,KaggleRama,3769
3561,2018,5,1,Sweden,Kaggle Mug,KaggleRama,2948
3651,2018,6,1,Sweden,Kaggle Mug,KaggleRama,2505
3741,2018,7,1,Sweden,Kaggle Mug,KaggleRama,2512
3831,2018,8,1,Sweden,Kaggle Mug,KaggleRama,2595
3921,2018,9,1,Sweden,Kaggle Mug,KaggleRama,2679
4011,2018,10,1,Sweden,Kaggle Mug,KaggleRama,2836
4101,2018,11,1,Sweden,Kaggle Mug,KaggleRama,3244
4191,2018,12,1,Sweden,Kaggle Mug,KaggleRama,3309
