,year,month,week,country,product,store,num_sold
33,2015,1,2,Sweden,Kaggle Mug,KaggleRama,3313
123,2015,2,2,Sweden,Kaggle Mug,KaggleRama,2920
195,2015,3,2,Sweden,Kaggle Mug,KaggleRama,2767
285,2015,4,2,Sweden,Kaggle Mug,KaggleRama,3202
375,2015,5,2,Sweden,Kaggle Mug,KaggleRama,2383
465,2015,6,2,Sweden,Kaggle Mug,KaggleRama,2546
555,2015,7,2,Sweden,Kaggle Mug,KaggleRama,2218
645,2015,8,2,Sweden,Kaggle Mug,KaggleRama,2307
735,2015,9,2,Sweden,Kaggle Mug,KaggleRama,2536
825,2015,10,2,Sweden,Kaggle Mug,KaggleRama,2611
915,2015,11,2,Sweden,Kaggle Mug,KaggleRama,2765
1005,2015,12,2,Sweden,Kaggle Mug,KaggleRama,2924
1095,2016,1,2,Sweden,Kaggle Mug,KaggleRama,3529
1185,2016,2,2,Sweden,Kaggle Mug,KaggleRama,2867
1275,2016,3,2,Sweden,Kaggle Mug,KaggleRama,2821
1365,2016,4,2,Sweden,Kaggle Mug,KaggleRama,2615
1455,2016,5,2,Sweden,Kaggle Mug,KaggleRama,2592
1545,2016,6,2,Sweden,Kaggle Mug,KaggleRama,2498
1635,2016,7,2,Sweden,Kaggle Mug,KaggleRama,2213
1725,2016,8,2,Sweden,Kaggle Mug,KaggleRama,2376
1815,2016,9,2,Sweden,Kaggle Mug,KaggleRama,2503
1905,2016,10,2,Sweden,Kaggle Mug,KaggleRama,2681
1995,2016,11,2,Sweden,Kaggle Mug,KaggleRama,3298
2085,2016,12,2,Sweden,Kaggle Mug,KaggleRama,2946
2175,2017,1,2,Sweden,Kaggle Mug,KaggleRama,3598
2265,2017,2,2,Sweden,Kaggle Mug,KaggleRama,3055
2337,2017,3,2,Sweden,Kaggle Mug,KaggleRama,2905
2427,2017,4,2,Sweden,Kaggle Mug,KaggleRama,2718
2517,2017,5,2,Sweden,Kaggle Mug,KaggleRama,2665
2607,2017,6,2,Sweden,Kaggle Mug,KaggleRama,2842
2697,2017,7,2,Sweden,Kaggle Mug,KaggleRama,2382
2787,2017,8,2,Sweden,Kaggle Mug,KaggleRama,2523
2877,2017,9,2,Sweden,Kaggle Mug,KaggleRama,2686
2967,2017,10,2,Sweden,Kaggle Mug,KaggleRama,2870
3057,2017,11,2,Sweden,Kaggle Mug,KaggleRama,3350
3147,2017,12,2,Sweden,Kaggle Mug,KaggleRama,3302
3237,2018,1,2,Sweden,Kaggle Mug,KaggleRama,3806
3327,2018,2,2,Sweden,Kaggle Mug,KaggleRama,3155
3399,2018,3,2,Sweden,Kaggle Mug,KaggleRama,3018
3489,2018,4,2,Sweden,Kaggle Mug,KaggleRama,3102
3579,2018,5,2,Sweden,Kaggle Mug,KaggleRama,2795
3669,2018,6,2,Sweden,Kaggle Mug,KaggleRama,2829
3759,2018,7,2,Sweden,Kaggle Mug,KaggleRama,2418
3849,2018,8,2,Sweden,Kaggle Mug,KaggleRama,2631
3939,2018,9,2,Sweden,Kaggle Mug,KaggleRama,2722
4029,2018,10,2,Sweden,Kaggle Mug,KaggleRama,2999
4119,2018,11,2,Sweden,Kaggle Mug,KaggleRama,3397
4209,2018,12,2,Sweden,Kaggle Mug,KaggleRama,3235
