,year,month,week,country,product,store,num_sold
32,2015,1,2,Sweden,Kaggle Mug,KaggleMart,1914
122,2015,2,2,Sweden,Kaggle Mug,KaggleMart,1647
194,2015,3,2,Sweden,Kaggle Mug,KaggleMart,1556
284,2015,4,2,Sweden,Kaggle Mug,KaggleMart,1823
374,2015,5,2,Sweden,Kaggle Mug,KaggleMart,1368
464,2015,6,2,Sweden,Kaggle Mug,KaggleMart,1389
554,2015,7,2,Sweden,Kaggle Mug,KaggleMart,1266
644,2015,8,2,Sweden,Kaggle Mug,KaggleMart,1313
734,2015,9,2,Sweden,Kaggle Mug,KaggleMart,1409
824,2015,10,2,Sweden,Kaggle Mug,KaggleMart,1488
914,2015,11,2,Sweden,Kaggle Mug,KaggleMart,1664
1004,2015,12,2,Sweden,Kaggle Mug,KaggleMart,1695
1094,2016,1,2,Sweden,Kaggle Mug,KaggleMart,2018
1184,2016,2,2,Sweden,Kaggle Mug,KaggleMart,1684
1274,2016,3,2,Sweden,Kaggle Mug,KaggleMart,1553
1364,2016,4,2,Sweden,Kaggle Mug,KaggleMart,1493
1454,2016,5,2,Sweden,Kaggle Mug,KaggleMart,1518
1544,2016,6,2,Sweden,Kaggle Mug,KaggleMart,1402
1634,2016,7,2,Sweden,Kaggle Mug,KaggleMart,1255
1724,2016,8,2,Sweden,Kaggle Mug,KaggleMart,1314
1814,2016,9,2,Sweden,Kaggle Mug,KaggleMart,1455
1904,2016,10,2,Sweden,Kaggle Mug,KaggleMart,1595
1994,2016,11,2,Sweden,Kaggle Mug,KaggleMart,1830
2084,2016,12,2,Sweden,Kaggle Mug,KaggleMart,1743
2174,2017,1,2,Sweden,Kaggle Mug,KaggleMart,2055
2264,2017,2,2,Sweden,Kaggle Mug,KaggleMart,1760
2336,2017,3,2,Sweden,Kaggle Mug,KaggleMart,1709
2426,2017,4,2,Sweden,Kaggle Mug,KaggleMart,1588
2516,2017,5,2,Sweden,Kaggle Mug,KaggleMart,1483
2606,2017,6,2,Sweden,Kaggle Mug,KaggleMart,1623
2696,2017,7,2,Sweden,Kaggle Mug,KaggleMart,1377
2786,2017,8,2,Sweden,Kaggle Mug,KaggleMart,1431
2876,2017,9,2,Sweden,Kaggle Mug,KaggleMart,1582
2966,2017,10,2,Sweden,Kaggle Mug,KaggleMart,1688
3056,2017,11,2,Sweden,Kaggle Mug,KaggleMart,2030
3146,2017,12,2,Sweden,Kaggle Mug,KaggleMart,1890
3236,2018,1,2,Sweden,Kaggle Mug,KaggleMart,2173
3326,2018,2,2,Sweden,Kaggle Mug,KaggleMart,1782
3398,2018,3,2,Sweden,Kaggle Mug,KaggleMart,1725
3488,2018,4,2,Sweden,Kaggle Mug,KaggleMart,1669
3578,2018,5,2,Sweden,Kaggle Mug,KaggleMart,1634
3668,2018,6,2,Sweden,Kaggle Mug,KaggleMart,1581
3758,2018,7,2,Sweden,Kaggle Mug,KaggleMart,1382
3848,2018,8,2,Sweden,Kaggle Mug,KaggleMart,1522
3938,2018,9,2,Sweden,Kaggle Mug,KaggleMart,1574
4028,2018,10,2,Sweden,Kaggle Mug,KaggleMart,1676
4118,2018,11,2,Sweden,Kaggle Mug,KaggleMart,1850
4208,2018,12,2,Sweden,Kaggle Mug,KaggleMart,1901
