,year,month,week,country,product,store,num_sold
82,2015,1,5,Norway,Kaggle Sticker,KaggleMart,461
244,2015,3,5,Norway,Kaggle Sticker,KaggleMart,485
334,2015,4,5,Norway,Kaggle Sticker,KaggleMart,274
424,2015,5,5,Norway,Kaggle Sticker,KaggleMart,689
514,2015,6,5,Norway,Kaggle Sticker,KaggleMart,281
604,2015,7,5,Norway,Kaggle Sticker,KaggleMart,445
694,2015,8,5,Norway,Kaggle Sticker,KaggleMart,510
784,2015,9,5,Norway,Kaggle Sticker,KaggleMart,287
874,2015,10,5,Norway,Kaggle Sticker,KaggleMart,473
964,2015,11,5,Norway,Kaggle Sticker,KaggleMart,320
1054,2015,12,5,Norway,Kaggle Sticker,KaggleMart,919
1144,2016,1,5,Norway,Kaggle Sticker,KaggleMart,512
1234,2016,2,5,Norway,Kaggle Sticker,KaggleMart,130
1324,2016,3,5,Norway,Kaggle Sticker,KaggleMart,611
1414,2016,4,5,Norway,Kaggle Sticker,KaggleMart,322
1504,2016,5,5,Norway,Kaggle Sticker,KaggleMart,464
1594,2016,6,5,Norway,Kaggle Sticker,KaggleMart,278
1684,2016,7,5,Norway,Kaggle Sticker,KaggleMart,498
1774,2016,8,5,Norway,Kaggle Sticker,KaggleMart,410
1864,2016,9,5,Norway,Kaggle Sticker,KaggleMart,292
1954,2016,10,5,Norway,Kaggle Sticker,KaggleMart,495
2044,2016,11,5,Norway,Kaggle Sticker,KaggleMart,278
2134,2016,12,5,Norway,Kaggle Sticker,KaggleMart,1036
2224,2017,1,5,Norway,Kaggle Sticker,KaggleMart,496
2386,2017,3,5,Norway,Kaggle Sticker,KaggleMart,457
2476,2017,4,5,Norway,Kaggle Sticker,KaggleMart,373
2566,2017,5,5,Norway,Kaggle Sticker,KaggleMart,518
2656,2017,6,5,Norway,Kaggle Sticker,KaggleMart,307
2746,2017,7,5,Norway,Kaggle Sticker,KaggleMart,543
2836,2017,8,5,Norway,Kaggle Sticker,KaggleMart,456
2926,2017,9,5,Norway,Kaggle Sticker,KaggleMart,347
3016,2017,10,5,Norway,Kaggle Sticker,KaggleMart,499
3106,2017,11,5,Norway,Kaggle Sticker,KaggleMart,318
3196,2017,12,5,Norway,Kaggle Sticker,KaggleMart,1222
3286,2018,1,5,Norway,Kaggle Sticker,KaggleMart,511
3448,2018,3,5,Norway,Kaggle Sticker,KaggleMart,588
3538,2018,4,5,Norway,Kaggle Sticker,KaggleMart,377
3628,2018,5,5,Norway,Kaggle Sticker,KaggleMart,534
3718,2018,6,5,Norway,Kaggle Sticker,KaggleMart,414
3808,2018,7,5,Norway,Kaggle Sticker,KaggleMart,536
3898,2018,8,5,Norway,Kaggle Sticker,KaggleMart,499
3988,2018,9,5,Norway,Kaggle Sticker,KaggleMart,434
4078,2018,10,5,Norway,Kaggle Sticker,KaggleMart,518
4168,2018,11,5,Norway,Kaggle Sticker,KaggleMart,338
4258,2018,12,5,Norway,Kaggle Sticker,KaggleMart,1369
