,year,month,week,country,product,store,num_sold
49,2015,1,3,Sweden,Kaggle Hat,KaggleRama,4756
139,2015,2,3,Sweden,Kaggle Hat,KaggleRama,5226
211,2015,3,3,Sweden,Kaggle Hat,KaggleRama,5881
301,2015,4,3,Sweden,Kaggle Hat,KaggleRama,5807
391,2015,5,3,Sweden,Kaggle Hat,KaggleRama,5897
481,2015,6,3,Sweden,Kaggle Hat,KaggleRama,5068
571,2015,7,3,Sweden,Kaggle Hat,KaggleRama,4404
661,2015,8,3,Sweden,Kaggle Hat,KaggleRama,4012
751,2015,9,3,Sweden,Kaggle Hat,KaggleRama,3769
841,2015,10,3,Sweden,Kaggle Hat,KaggleRama,3625
931,2015,11,3,Sweden,Kaggle Hat,KaggleRama,3918
1021,2015,12,3,Sweden,Kaggle Hat,KaggleRama,4391
1111,2016,1,3,Sweden,Kaggle Hat,KaggleRama,4985
1201,2016,2,3,Sweden,Kaggle Hat,KaggleRama,5483
1291,2016,3,3,Sweden,Kaggle Hat,KaggleRama,5660
1381,2016,4,3,Sweden,Kaggle Hat,KaggleRama,5642
1471,2016,5,3,Sweden,Kaggle Hat,KaggleRama,5860
1561,2016,6,3,Sweden,Kaggle Hat,KaggleRama,4900
1651,2016,7,3,Sweden,Kaggle Hat,KaggleRama,4575
1741,2016,8,3,Sweden,Kaggle Hat,KaggleRama,3919
1831,2016,9,3,Sweden,Kaggle Hat,KaggleRama,3759
1921,2016,10,3,Sweden,Kaggle Hat,KaggleRama,3768
2011,2016,11,3,Sweden,Kaggle Hat,KaggleRama,4108
2101,2016,12,3,Sweden,Kaggle Hat,KaggleRama,4341
2191,2017,1,3,Sweden,Kaggle Hat,KaggleRama,5271
2281,2017,2,3,Sweden,Kaggle Hat,KaggleRama,5772
2353,2017,3,3,Sweden,Kaggle Hat,KaggleRama,5874
2443,2017,4,3,Sweden,Kaggle Hat,KaggleRama,7422
2533,2017,5,3,Sweden,Kaggle Hat,KaggleRama,5648
2623,2017,6,3,Sweden,Kaggle Hat,KaggleRama,5259
2713,2017,7,3,Sweden,Kaggle Hat,KaggleRama,4701
2803,2017,8,3,Sweden,Kaggle Hat,KaggleRama,4258
2893,2017,9,3,Sweden,Kaggle Hat,KaggleRama,3908
2983,2017,10,3,Sweden,Kaggle Hat,KaggleRama,3947
3073,2017,11,3,Sweden,Kaggle Hat,KaggleRama,4272
3163,2017,12,3,Sweden,Kaggle Hat,KaggleRama,4926
3253,2018,1,3,Sweden,Kaggle Hat,KaggleRama,5499
3343,2018,2,3,Sweden,Kaggle Hat,KaggleRama,6112
3415,2018,3,3,Sweden,Kaggle Hat,KaggleRama,6084
3505,2018,4,3,Sweden,Kaggle Hat,KaggleRama,6128
3595,2018,5,3,Sweden,Kaggle Hat,KaggleRama,6325
3685,2018,6,3,Sweden,Kaggle Hat,KaggleRama,5389
3775,2018,7,3,Sweden,Kaggle Hat,KaggleRama,4744
3865,2018,8,3,Sweden,Kaggle Hat,KaggleRama,4410
3955,2018,9,3,Sweden,Kaggle Hat,KaggleRama,4057
4045,2018,10,3,Sweden,Kaggle Hat,KaggleRama,4069
4135,2018,11,3,Sweden,Kaggle Hat,KaggleRama,4314
4225,2018,12,3,Sweden,Kaggle Hat,KaggleRama,4672
