,year,month,week,country,product,store,num_sold
21,2015,1,2,Finland,Kaggle Mug,KaggleRama,2707
111,2015,2,2,Finland,Kaggle Mug,KaggleRama,2443
183,2015,3,2,Finland,Kaggle Mug,KaggleRama,2383
273,2015,4,2,Finland,Kaggle Mug,KaggleRama,2597
363,2015,5,2,Finland,Kaggle Mug,KaggleRama,1967
453,2015,6,2,Finland,Kaggle Mug,KaggleRama,1833
543,2015,7,2,Finland,Kaggle Mug,KaggleRama,1814
633,2015,8,2,Finland,Kaggle Mug,KaggleRama,1881
723,2015,9,2,Finland,Kaggle Mug,KaggleRama,2076
813,2015,10,2,Finland,Kaggle Mug,KaggleRama,2163
903,2015,11,2,Finland,Kaggle Mug,KaggleRama,2377
993,2015,12,2,Finland,Kaggle Mug,KaggleRama,2649
1083,2016,1,2,Finland,Kaggle Mug,KaggleRama,2930
1173,2016,2,2,Finland,Kaggle Mug,KaggleRama,2450
1263,2016,3,2,Finland,Kaggle Mug,KaggleRama,2314
1353,2016,4,2,Finland,Kaggle Mug,KaggleRama,2145
1443,2016,5,2,Finland,Kaggle Mug,KaggleRama,2192
1533,2016,6,2,Finland,Kaggle Mug,KaggleRama,1916
1623,2016,7,2,Finland,Kaggle Mug,KaggleRama,1922
1713,2016,8,2,Finland,Kaggle Mug,KaggleRama,1971
1803,2016,9,2,Finland,Kaggle Mug,KaggleRama,2148
1893,2016,10,2,Finland,Kaggle Mug,KaggleRama,2301
1983,2016,11,2,Finland,Kaggle Mug,KaggleRama,2662
2073,2016,12,2,Finland,Kaggle Mug,KaggleRama,2849
2163,2017,1,2,Finland,Kaggle Mug,KaggleRama,3059
2253,2017,2,2,Finland,Kaggle Mug,KaggleRama,2701
2325,2017,3,2,Finland,Kaggle Mug,KaggleRama,2517
2415,2017,4,2,Finland,Kaggle Mug,KaggleRama,2375
2505,2017,5,2,Finland,Kaggle Mug,KaggleRama,2172
2595,2017,6,2,Finland,Kaggle Mug,KaggleRama,2235
2685,2017,7,2,Finland,Kaggle Mug,KaggleRama,2141
2775,2017,8,2,Finland,Kaggle Mug,KaggleRama,2192
2865,2017,9,2,Finland,Kaggle Mug,KaggleRama,2261
2955,2017,10,2,Finland,Kaggle Mug,KaggleRama,2460
3045,2017,11,2,Finland,Kaggle Mug,KaggleRama,3055
3135,2017,12,2,Finland,Kaggle Mug,KaggleRama,3108
3225,2018,1,2,Finland,Kaggle Mug,KaggleRama,3541
3315,2018,2,2,Finland,Kaggle Mug,KaggleRama,2881
3387,2018,3,2,Finland,Kaggle Mug,KaggleRama,2794
3477,2018,4,2,Finland,Kaggle Mug,KaggleRama,2759
3567,2018,5,2,Finland,Kaggle Mug,KaggleRama,2606
3657,2018,6,2,Finland,Kaggle Mug,KaggleRama,2316
3747,2018,7,2,Finland,Kaggle Mug,KaggleRama,2274
3837,2018,8,2,Finland,Kaggle Mug,KaggleRama,2361
3927,2018,9,2,Finland,Kaggle Mug,KaggleRama,2531
4017,2018,10,2,Finland,Kaggle Mug,KaggleRama,2770
4107,2018,11,2,Finland,Kaggle Mug,KaggleRama,3051
4197,2018,12,2,Finland,Kaggle Mug,KaggleRama,3391
