,year,month,week,country,product,store,num_sold
45,2015,1,3,Norway,Kaggle Mug,KaggleRama,4201
135,2015,2,3,Norway,Kaggle Mug,KaggleRama,4072
207,2015,3,3,Norway,Kaggle Mug,KaggleRama,3953
297,2015,4,3,Norway,Kaggle Mug,KaggleRama,3607
387,2015,5,3,Norway,Kaggle Mug,KaggleRama,3814
477,2015,6,3,Norway,Kaggle Mug,KaggleRama,3289
567,2015,7,3,Norway,Kaggle Mug,KaggleRama,3287
657,2015,8,3,Norway,Kaggle Mug,KaggleRama,3190
747,2015,9,3,Norway,Kaggle Mug,KaggleRama,3555
837,2015,10,3,Norway,Kaggle Mug,KaggleRama,3837
927,2015,11,3,Norway,Kaggle Mug,KaggleRama,4114
1017,2015,12,3,Norway,Kaggle Mug,KaggleRama,4274
1107,2016,1,3,Norway,Kaggle Mug,KaggleRama,4170
1197,2016,2,3,Norway,Kaggle Mug,KaggleRama,3884
1287,2016,3,3,Norway,Kaggle Mug,KaggleRama,3715
1377,2016,4,3,Norway,Kaggle Mug,KaggleRama,3475
1467,2016,5,3,Norway,Kaggle Mug,KaggleRama,3946
1557,2016,6,3,Norway,Kaggle Mug,KaggleRama,2997
1647,2016,7,3,Norway,Kaggle Mug,KaggleRama,2991
1737,2016,8,3,Norway,Kaggle Mug,KaggleRama,3197
1827,2016,9,3,Norway,Kaggle Mug,KaggleRama,3412
1917,2016,10,3,Norway,Kaggle Mug,KaggleRama,3769
2007,2016,11,3,Norway,Kaggle Mug,KaggleRama,3961
2097,2016,12,3,Norway,Kaggle Mug,KaggleRama,4200
2187,2017,1,3,Norway,Kaggle Mug,KaggleRama,4538
2277,2017,2,3,Norway,Kaggle Mug,KaggleRama,4411
2349,2017,3,3,Norway,Kaggle Mug,KaggleRama,4007
2439,2017,4,3,Norway,Kaggle Mug,KaggleRama,4971
2529,2017,5,3,Norway,Kaggle Mug,KaggleRama,3796
2619,2017,6,3,Norway,Kaggle Mug,KaggleRama,3437
2709,2017,7,3,Norway,Kaggle Mug,KaggleRama,3451
2799,2017,8,3,Norway,Kaggle Mug,KaggleRama,3627
2889,2017,9,3,Norway,Kaggle Mug,KaggleRama,3863
2979,2017,10,3,Norway,Kaggle Mug,KaggleRama,4239
3069,2017,11,3,Norway,Kaggle Mug,KaggleRama,4590
3159,2017,12,3,Norway,Kaggle Mug,KaggleRama,4754
3249,2018,1,3,Norway,Kaggle Mug,KaggleRama,5072
3339,2018,2,3,Norway,Kaggle Mug,KaggleRama,4854
3411,2018,3,3,Norway,Kaggle Mug,KaggleRama,4542
3501,2018,4,3,Norway,Kaggle Mug,KaggleRama,4244
3591,2018,5,3,Norway,Kaggle Mug,KaggleRama,4393
3681,2018,6,3,Norway,Kaggle Mug,KaggleRama,3734
3771,2018,7,3,Norway,Kaggle Mug,KaggleRama,3753
3861,2018,8,3,Norway,Kaggle Mug,KaggleRama,3964
3951,2018,9,3,Norway,Kaggle Mug,KaggleRama,4151
4041,2018,10,3,Norway,Kaggle Mug,KaggleRama,4563
4131,2018,11,3,Norway,Kaggle Mug,KaggleRama,4821
4221,2018,12,3,Norway,Kaggle Mug,KaggleRama,4861
