,year,month,week,country,product,store,num_sold
6,2015,1,1,Norway,Kaggle Hat,KaggleMart,5428
96,2015,2,1,Norway,Kaggle Hat,KaggleMart,4283
168,2015,3,1,Norway,Kaggle Hat,KaggleMart,4453
258,2015,4,1,Norway,Kaggle Hat,KaggleMart,5541
348,2015,5,1,Norway,Kaggle Hat,KaggleMart,4912
438,2015,6,1,Norway,Kaggle Hat,KaggleMart,4295
528,2015,7,1,Norway,Kaggle Hat,KaggleMart,3814
618,2015,8,1,Norway,Kaggle Hat,KaggleMart,3331
708,2015,9,1,Norway,Kaggle Hat,KaggleMart,3177
798,2015,10,1,Norway,Kaggle Hat,KaggleMart,2953
888,2015,11,1,Norway,Kaggle Hat,KaggleMart,3126
978,2015,12,1,Norway,Kaggle Hat,KaggleMart,3552
1068,2016,1,1,Norway,Kaggle Hat,KaggleMart,4796
1158,2016,2,1,Norway,Kaggle Hat,KaggleMart,4055
1248,2016,3,1,Norway,Kaggle Hat,KaggleMart,4283
1338,2016,4,1,Norway,Kaggle Hat,KaggleMart,5334
1428,2016,5,1,Norway,Kaggle Hat,KaggleMart,4645
1518,2016,6,1,Norway,Kaggle Hat,KaggleMart,4086
1608,2016,7,1,Norway,Kaggle Hat,KaggleMart,3577
1698,2016,8,1,Norway,Kaggle Hat,KaggleMart,3145
1788,2016,9,1,Norway,Kaggle Hat,KaggleMart,2942
1878,2016,10,1,Norway,Kaggle Hat,KaggleMart,2771
1968,2016,11,1,Norway,Kaggle Hat,KaggleMart,3082
2058,2016,12,1,Norway,Kaggle Hat,KaggleMart,3344
2148,2017,1,1,Norway,Kaggle Hat,KaggleMart,4948
2238,2017,2,1,Norway,Kaggle Hat,KaggleMart,4262
2310,2017,3,1,Norway,Kaggle Hat,KaggleMart,4608
2400,2017,4,1,Norway,Kaggle Hat,KaggleMart,4978
2490,2017,5,1,Norway,Kaggle Hat,KaggleMart,5191
2580,2017,6,1,Norway,Kaggle Hat,KaggleMart,4622
2670,2017,7,1,Norway,Kaggle Hat,KaggleMart,3972
2760,2017,8,1,Norway,Kaggle Hat,KaggleMart,3502
2850,2017,9,1,Norway,Kaggle Hat,KaggleMart,3240
2940,2017,10,1,Norway,Kaggle Hat,KaggleMart,3197
3030,2017,11,1,Norway,Kaggle Hat,KaggleMart,3423
3120,2017,12,1,Norway,Kaggle Hat,KaggleMart,3678
3210,2018,1,1,Norway,Kaggle Hat,KaggleMart,5621
3300,2018,2,1,Norway,Kaggle Hat,KaggleMart,5063
3372,2018,3,1,Norway,Kaggle Hat,KaggleMart,5318
3462,2018,4,1,Norway,Kaggle Hat,KaggleMart,7338
3552,2018,5,1,Norway,Kaggle Hat,KaggleMart,5665
3642,2018,6,1,Norway,Kaggle Hat,KaggleMart,4771
3732,2018,7,1,Norway,Kaggle Hat,KaggleMart,4412
3822,2018,8,1,Norway,Kaggle Hat,KaggleMart,4006
3912,2018,9,1,Norway,Kaggle Hat,KaggleMart,3606
4002,2018,10,1,Norway,Kaggle Hat,KaggleMart,3553
4092,2018,11,1,Norway,Kaggle Hat,KaggleMart,3606
4182,2018,12,1,Norway,Kaggle Hat,KaggleMart,3869
