,year,month,week,country,product,store,num_sold
72,2015,1,5,Finland,Kaggle Hat,KaggleMart,1038
234,2015,3,5,Finland,Kaggle Hat,KaggleMart,1194
324,2015,4,5,Finland,Kaggle Hat,KaggleMart,726
414,2015,5,5,Finland,Kaggle Hat,KaggleMart,1241
504,2015,6,5,Finland,Kaggle Hat,KaggleMart,586
594,2015,7,5,Finland,Kaggle Hat,KaggleMart,787
684,2015,8,5,Finland,Kaggle Hat,KaggleMart,823
774,2015,9,5,Finland,Kaggle Hat,KaggleMart,449
864,2015,10,5,Finland,Kaggle Hat,KaggleMart,760
954,2015,11,5,Finland,Kaggle Hat,KaggleMart,560
1044,2015,12,5,Finland,Kaggle Hat,KaggleMart,2037
1134,2016,1,5,Finland,Kaggle Hat,KaggleMart,1243
1224,2016,2,5,Finland,Kaggle Hat,KaggleMart,345
1314,2016,3,5,Finland,Kaggle Hat,KaggleMart,1466
1404,2016,4,5,Finland,Kaggle Hat,KaggleMart,842
1494,2016,5,5,Finland,Kaggle Hat,KaggleMart,1061
1584,2016,6,5,Finland,Kaggle Hat,KaggleMart,821
1674,2016,7,5,Finland,Kaggle Hat,KaggleMart,948
1764,2016,8,5,Finland,Kaggle Hat,KaggleMart,737
1854,2016,9,5,Finland,Kaggle Hat,KaggleMart,449
1944,2016,10,5,Finland,Kaggle Hat,KaggleMart,851
2034,2016,11,5,Finland,Kaggle Hat,KaggleMart,560
2124,2016,12,5,Finland,Kaggle Hat,KaggleMart,2358
2214,2017,1,5,Finland,Kaggle Hat,KaggleMart,1169
2376,2017,3,5,Finland,Kaggle Hat,KaggleMart,1173
2466,2017,4,5,Finland,Kaggle Hat,KaggleMart,951
2556,2017,5,5,Finland,Kaggle Hat,KaggleMart,1229
2646,2017,6,5,Finland,Kaggle Hat,KaggleMart,832
2736,2017,7,5,Finland,Kaggle Hat,KaggleMart,1039
2826,2017,8,5,Finland,Kaggle Hat,KaggleMart,805
2916,2017,9,5,Finland,Kaggle Hat,KaggleMart,617
3006,2017,10,5,Finland,Kaggle Hat,KaggleMart,837
3096,2017,11,5,Finland,Kaggle Hat,KaggleMart,651
3186,2017,12,5,Finland,Kaggle Hat,KaggleMart,2865
3276,2018,1,5,Finland,Kaggle Hat,KaggleMart,1182
3438,2018,3,5,Finland,Kaggle Hat,KaggleMart,1452
3528,2018,4,5,Finland,Kaggle Hat,KaggleMart,910
3618,2018,5,5,Finland,Kaggle Hat,KaggleMart,1231
3708,2018,6,5,Finland,Kaggle Hat,KaggleMart,1002
3798,2018,7,5,Finland,Kaggle Hat,KaggleMart,1040
3888,2018,8,5,Finland,Kaggle Hat,KaggleMart,917
3978,2018,9,5,Finland,Kaggle Hat,KaggleMart,711
4068,2018,10,5,Finland,Kaggle Hat,KaggleMart,864
4158,2018,11,5,Finland,Kaggle Hat,KaggleMart,616
4248,2018,12,5,Finland,Kaggle Hat,KaggleMart,3042
