,year,month,week,country,product,store,num_sold
3,2015,1,1,Finland,Kaggle Mug,KaggleRama,3463
93,2015,2,1,Finland,Kaggle Mug,KaggleRama,2441
165,2015,3,1,Finland,Kaggle Mug,KaggleRama,2308
255,2015,4,1,Finland,Kaggle Mug,KaggleRama,2288
345,2015,5,1,Finland,Kaggle Mug,KaggleRama,2196
435,2015,6,1,Finland,Kaggle Mug,KaggleRama,1913
525,2015,7,1,Finland,Kaggle Mug,KaggleRama,1797
615,2015,8,1,Finland,Kaggle Mug,KaggleRama,1887
705,2015,9,1,Finland,Kaggle Mug,KaggleRama,2009
795,2015,10,1,Finland,Kaggle Mug,KaggleRama,2128
885,2015,11,1,Finland,Kaggle Mug,KaggleRama,2558
975,2015,12,1,Finland,Kaggle Mug,KaggleRama,2418
1065,2016,1,1,Finland,Kaggle Mug,KaggleRama,3334
1155,2016,2,1,Finland,Kaggle Mug,KaggleRama,2591
1245,2016,3,1,Finland,Kaggle Mug,KaggleRama,2386
1335,2016,4,1,Finland,Kaggle Mug,KaggleRama,2602
1425,2016,5,1,Finland,Kaggle Mug,KaggleRama,2305
1515,2016,6,1,Finland,Kaggle Mug,KaggleRama,1894
1605,2016,7,1,Finland,Kaggle Mug,KaggleRama,1983
1695,2016,8,1,Finland,Kaggle Mug,KaggleRama,1980
1785,2016,9,1,Finland,Kaggle Mug,KaggleRama,2065
1875,2016,10,1,Finland,Kaggle Mug,KaggleRama,2248
1965,2016,11,1,Finland,Kaggle Mug,KaggleRama,2502
2055,2016,12,1,Finland,Kaggle Mug,KaggleRama,2582
2145,2017,1,1,Finland,Kaggle Mug,KaggleRama,3575
2235,2017,2,1,Finland,Kaggle Mug,KaggleRama,2709
2307,2017,3,1,Finland,Kaggle Mug,KaggleRama,2651
2397,2017,4,1,Finland,Kaggle Mug,KaggleRama,2442
2487,2017,5,1,Finland,Kaggle Mug,KaggleRama,2449
2577,2017,6,1,Finland,Kaggle Mug,KaggleRama,2172
2667,2017,7,1,Finland,Kaggle Mug,KaggleRama,2120
2757,2017,8,1,Finland,Kaggle Mug,KaggleRama,2153
2847,2017,9,1,Finland,Kaggle Mug,KaggleRama,2295
2937,2017,10,1,Finland,Kaggle Mug,KaggleRama,2495
3027,2017,11,1,Finland,Kaggle Mug,KaggleRama,2907
3117,2017,12,1,Finland,Kaggle Mug,KaggleRama,2982
3207,2018,1,1,Finland,Kaggle Mug,KaggleRama,3946
3297,2018,2,1,Finland,Kaggle Mug,KaggleRama,2926
3369,2018,3,1,Finland,Kaggle Mug,KaggleRama,2799
3459,2018,4,1,Finland,Kaggle Mug,KaggleRama,3331
3549,2018,5,1,Finland,Kaggle Mug,KaggleRama,2684
3639,2018,6,1,Finland,Kaggle Mug,KaggleRama,2376
3729,2018,7,1,Finland,Kaggle Mug,KaggleRama,2309
3819,2018,8,1,Finland,Kaggle Mug,KaggleRama,2378
3909,2018,9,1,Finland,Kaggle Mug,KaggleRama,2498
3999,2018,10,1,Finland,Kaggle Mug,KaggleRama,2652
4089,2018,11,1,Finland,Kaggle Mug,KaggleRama,3012
4179,2018,12,1,Finland,Kaggle Mug,KaggleRama,2940
