,year,month,week,country,product,store,num_sold
1,2015,1,1,Finland,Kaggle Hat,KaggleRama,5301
91,2015,2,1,Finland,Kaggle Hat,KaggleRama,4239
163,2015,3,1,Finland,Kaggle Hat,KaggleRama,4662
253,2015,4,1,Finland,Kaggle Hat,KaggleRama,5025
343,2015,5,1,Finland,Kaggle Hat,KaggleRama,4948
433,2015,6,1,Finland,Kaggle Hat,KaggleRama,4356
523,2015,7,1,Finland,Kaggle Hat,KaggleRama,3877
613,2015,8,1,Finland,Kaggle Hat,KaggleRama,3363
703,2015,9,1,Finland,Kaggle Hat,KaggleRama,3084
793,2015,10,1,Finland,Kaggle Hat,KaggleRama,2978
883,2015,11,1,Finland,Kaggle Hat,KaggleRama,3446
973,2015,12,1,Finland,Kaggle Hat,KaggleRama,3419
1063,2016,1,1,Finland,Kaggle Hat,KaggleRama,5304
1153,2016,2,1,Finland,Kaggle Hat,KaggleRama,4452
1243,2016,3,1,Finland,Kaggle Hat,KaggleRama,4604
1333,2016,4,1,Finland,Kaggle Hat,KaggleRama,5946
1423,2016,5,1,Finland,Kaggle Hat,KaggleRama,5192
1513,2016,6,1,Finland,Kaggle Hat,KaggleRama,4348
1603,2016,7,1,Finland,Kaggle Hat,KaggleRama,4277
1693,2016,8,1,Finland,Kaggle Hat,KaggleRama,3463
1783,2016,9,1,Finland,Kaggle Hat,KaggleRama,3217
1873,2016,10,1,Finland,Kaggle Hat,KaggleRama,3131
1963,2016,11,1,Finland,Kaggle Hat,KaggleRama,3295
2053,2016,12,1,Finland,Kaggle Hat,KaggleRama,3648
2143,2017,1,1,Finland,Kaggle Hat,KaggleRama,5391
2233,2017,2,1,Finland,Kaggle Hat,KaggleRama,4727
2305,2017,3,1,Finland,Kaggle Hat,KaggleRama,5160
2395,2017,4,1,Finland,Kaggle Hat,KaggleRama,5018
2485,2017,5,1,Finland,Kaggle Hat,KaggleRama,5541
2575,2017,6,1,Finland,Kaggle Hat,KaggleRama,4958
2665,2017,7,1,Finland,Kaggle Hat,KaggleRama,4408
2755,2017,8,1,Finland,Kaggle Hat,KaggleRama,3867
2845,2017,9,1,Finland,Kaggle Hat,KaggleRama,3481
2935,2017,10,1,Finland,Kaggle Hat,KaggleRama,3421
3025,2017,11,1,Finland,Kaggle Hat,KaggleRama,3675
3115,2017,12,1,Finland,Kaggle Hat,KaggleRama,4007
3205,2018,1,1,Finland,Kaggle Hat,KaggleRama,5896
3295,2018,2,1,Finland,Kaggle Hat,KaggleRama,5399
3367,2018,3,1,Finland,Kaggle Hat,KaggleRama,5676
3457,2018,4,1,Finland,Kaggle Hat,KaggleRama,7344
3547,2018,5,1,Finland,Kaggle Hat,KaggleRama,6086
3637,2018,6,1,Finland,Kaggle Hat,KaggleRama,5029
3727,2018,7,1,Finland,Kaggle Hat,KaggleRama,4767
3817,2018,8,1,Finland,Kaggle Hat,KaggleRama,4296
3907,2018,9,1,Finland,Kaggle Hat,KaggleRama,3781
3997,2018,10,1,Finland,Kaggle Hat,KaggleRama,3608
4087,2018,11,1,Finland,Kaggle Hat,KaggleRama,4055
4177,2018,12,1,Finland,Kaggle Hat,KaggleRama,4114
