,year,month,week,country,product,store,num_sold
35,2015,1,2,Sweden,Kaggle Sticker,KaggleRama,1411
125,2015,2,2,Sweden,Kaggle Sticker,KaggleRama,1331
197,2015,3,2,Sweden,Kaggle Sticker,KaggleRama,1323
287,2015,4,2,Sweden,Kaggle Sticker,KaggleRama,1545
377,2015,5,2,Sweden,Kaggle Sticker,KaggleRama,1351
467,2015,6,2,Sweden,Kaggle Sticker,KaggleRama,1474
557,2015,7,2,Sweden,Kaggle Sticker,KaggleRama,1352
647,2015,8,2,Sweden,Kaggle Sticker,KaggleRama,1288
737,2015,9,2,Sweden,Kaggle Sticker,KaggleRama,1310
827,2015,10,2,Sweden,Kaggle Sticker,KaggleRama,1319
917,2015,11,2,Sweden,Kaggle Sticker,KaggleRama,1343
1007,2015,12,2,Sweden,Kaggle Sticker,KaggleRama,1294
1097,2016,1,2,Sweden,Kaggle Sticker,KaggleRama,1603
1187,2016,2,2,Sweden,Kaggle Sticker,KaggleRama,1374
1277,2016,3,2,Sweden,Kaggle Sticker,KaggleRama,1331
1367,2016,4,2,Sweden,Kaggle Sticker,KaggleRama,1378
1457,2016,5,2,Sweden,Kaggle Sticker,KaggleRama,1468
1547,2016,6,2,Sweden,Kaggle Sticker,KaggleRama,1529
1637,2016,7,2,Sweden,Kaggle Sticker,KaggleRama,1343
1727,2016,8,2,Sweden,Kaggle Sticker,KaggleRama,1368
1817,2016,9,2,Sweden,Kaggle Sticker,KaggleRama,1320
1907,2016,10,2,Sweden,Kaggle Sticker,KaggleRama,1345
1997,2016,11,2,Sweden,Kaggle Sticker,KaggleRama,1550
2087,2016,12,2,Sweden,Kaggle Sticker,KaggleRama,1313
2177,2017,1,2,Sweden,Kaggle Sticker,KaggleRama,1607
2267,2017,2,2,Sweden,Kaggle Sticker,KaggleRama,1363
2339,2017,3,2,Sweden,Kaggle Sticker,KaggleRama,1392
2429,2017,4,2,Sweden,Kaggle Sticker,KaggleRama,1435
2519,2017,5,2,Sweden,Kaggle Sticker,KaggleRama,1406
2609,2017,6,2,Sweden,Kaggle Sticker,KaggleRama,1681
2699,2017,7,2,Sweden,Kaggle Sticker,KaggleRama,1449
2789,2017,8,2,Sweden,Kaggle Sticker,KaggleRama,1423
2879,2017,9,2,Sweden,Kaggle Sticker,KaggleRama,1422
2969,2017,10,2,Sweden,Kaggle Sticker,KaggleRama,1442
3059,2017,11,2,Sweden,Kaggle Sticker,KaggleRama,1619
3149,2017,12,2,Sweden,Kaggle Sticker,KaggleRama,1429
3239,2018,1,2,Sweden,Kaggle Sticker,KaggleRama,1614
3329,2018,2,2,Sweden,Kaggle Sticker,KaggleRama,1483
3401,2018,3,2,Sweden,Kaggle Sticker,KaggleRama,1488
3491,2018,4,2,Sweden,Kaggle Sticker,KaggleRama,1595
3581,2018,5,2,Sweden,Kaggle Sticker,KaggleRama,1619
3671,2018,6,2,Sweden,Kaggle Sticker,KaggleRama,1601
3761,2018,7,2,Sweden,Kaggle Sticker,KaggleRama,1459
3851,2018,8,2,Sweden,Kaggle Sticker,KaggleRama,1468
3941,2018,9,2,Sweden,Kaggle Sticker,KaggleRama,1507
4031,2018,10,2,Sweden,Kaggle Sticker,KaggleRama,1488
4121,2018,11,2,Sweden,Kaggle Sticker,KaggleRama,1517
4211,2018,12,2,Sweden,Kaggle Sticker,KaggleRama,1461
