,year,month,week,country,product,store,num_sold
83,2015,1,5,Norway,Kaggle Sticker,KaggleRama,846
245,2015,3,5,Norway,Kaggle Sticker,KaggleRama,829
335,2015,4,5,Norway,Kaggle Sticker,KaggleRama,491
425,2015,5,5,Norway,Kaggle Sticker,KaggleRama,1095
515,2015,6,5,Norway,Kaggle Sticker,KaggleRama,482
605,2015,7,5,Norway,Kaggle Sticker,KaggleRama,770
695,2015,8,5,Norway,Kaggle Sticker,KaggleRama,880
785,2015,9,5,Norway,Kaggle Sticker,KaggleRama,515
875,2015,10,5,Norway,Kaggle Sticker,KaggleRama,830
965,2015,11,5,Norway,Kaggle Sticker,KaggleRama,528
1055,2015,12,5,Norway,Kaggle Sticker,KaggleRama,1647
1145,2016,1,5,Norway,Kaggle Sticker,KaggleRama,897
1235,2016,2,5,Norway,Kaggle Sticker,KaggleRama,232
1325,2016,3,5,Norway,Kaggle Sticker,KaggleRama,1027
1415,2016,4,5,Norway,Kaggle Sticker,KaggleRama,543
1505,2016,5,5,Norway,Kaggle Sticker,KaggleRama,800
1595,2016,6,5,Norway,Kaggle Sticker,KaggleRama,450
1685,2016,7,5,Norway,Kaggle Sticker,KaggleRama,874
1775,2016,8,5,Norway,Kaggle Sticker,KaggleRama,754
1865,2016,9,5,Norway,Kaggle Sticker,KaggleRama,518
1955,2016,10,5,Norway,Kaggle Sticker,KaggleRama,847
2045,2016,11,5,Norway,Kaggle Sticker,KaggleRama,500
2135,2016,12,5,Norway,Kaggle Sticker,KaggleRama,1794
2225,2017,1,5,Norway,Kaggle Sticker,KaggleRama,798
2387,2017,3,5,Norway,Kaggle Sticker,KaggleRama,794
2477,2017,4,5,Norway,Kaggle Sticker,KaggleRama,647
2567,2017,5,5,Norway,Kaggle Sticker,KaggleRama,888
2657,2017,6,5,Norway,Kaggle Sticker,KaggleRama,535
2747,2017,7,5,Norway,Kaggle Sticker,KaggleRama,951
2837,2017,8,5,Norway,Kaggle Sticker,KaggleRama,836
2927,2017,9,5,Norway,Kaggle Sticker,KaggleRama,596
3017,2017,10,5,Norway,Kaggle Sticker,KaggleRama,865
3107,2017,11,5,Norway,Kaggle Sticker,KaggleRama,550
3197,2017,12,5,Norway,Kaggle Sticker,KaggleRama,2162
3287,2018,1,5,Norway,Kaggle Sticker,KaggleRama,876
3449,2018,3,5,Norway,Kaggle Sticker,KaggleRama,1047
3539,2018,4,5,Norway,Kaggle Sticker,KaggleRama,666
3629,2018,5,5,Norway,Kaggle Sticker,KaggleRama,938
3719,2018,6,5,Norway,Kaggle Sticker,KaggleRama,655
3809,2018,7,5,Norway,Kaggle Sticker,KaggleRama,864
3899,2018,8,5,Norway,Kaggle Sticker,KaggleRama,915
3989,2018,9,5,Norway,Kaggle Sticker,KaggleRama,687
4079,2018,10,5,Norway,Kaggle Sticker,KaggleRama,848
4169,2018,11,5,Norway,Kaggle Sticker,KaggleRama,603
4259,2018,12,5,Norway,Kaggle Sticker,KaggleRama,2268
