,year,month,week,country,product,store,num_sold
87,2015,1,5,Sweden,Kaggle Mug,KaggleRama,1225
249,2015,3,5,Sweden,Kaggle Mug,KaggleRama,1191
339,2015,4,5,Sweden,Kaggle Mug,KaggleRama,630
429,2015,5,5,Sweden,Kaggle Mug,KaggleRama,1155
519,2015,6,5,Sweden,Kaggle Mug,KaggleRama,559
609,2015,7,5,Sweden,Kaggle Mug,KaggleRama,918
699,2015,8,5,Sweden,Kaggle Mug,KaggleRama,1124
789,2015,9,5,Sweden,Kaggle Mug,KaggleRama,715
879,2015,10,5,Sweden,Kaggle Mug,KaggleRama,1210
969,2015,11,5,Sweden,Kaggle Mug,KaggleRama,837
1059,2015,12,5,Sweden,Kaggle Mug,KaggleRama,2819
1149,2016,1,5,Sweden,Kaggle Mug,KaggleRama,1463
1239,2016,2,5,Sweden,Kaggle Mug,KaggleRama,349
1329,2016,3,5,Sweden,Kaggle Mug,KaggleRama,1385
1419,2016,4,5,Sweden,Kaggle Mug,KaggleRama,698
1509,2016,5,5,Sweden,Kaggle Mug,KaggleRama,1006
1599,2016,6,5,Sweden,Kaggle Mug,KaggleRama,749
1689,2016,7,5,Sweden,Kaggle Mug,KaggleRama,1076
1779,2016,8,5,Sweden,Kaggle Mug,KaggleRama,997
1869,2016,9,5,Sweden,Kaggle Mug,KaggleRama,776
1959,2016,10,5,Sweden,Kaggle Mug,KaggleRama,1318
2049,2016,11,5,Sweden,Kaggle Mug,KaggleRama,824
2139,2016,12,5,Sweden,Kaggle Mug,KaggleRama,3161
2229,2017,1,5,Sweden,Kaggle Mug,KaggleRama,1308
2391,2017,3,5,Sweden,Kaggle Mug,KaggleRama,1129
2481,2017,4,5,Sweden,Kaggle Mug,KaggleRama,839
2571,2017,5,5,Sweden,Kaggle Mug,KaggleRama,1170
2661,2017,6,5,Sweden,Kaggle Mug,KaggleRama,856
2751,2017,7,5,Sweden,Kaggle Mug,KaggleRama,1101
2841,2017,8,5,Sweden,Kaggle Mug,KaggleRama,1036
2931,2017,9,5,Sweden,Kaggle Mug,KaggleRama,852
3021,2017,10,5,Sweden,Kaggle Mug,KaggleRama,1297
3111,2017,11,5,Sweden,Kaggle Mug,KaggleRama,877
3201,2017,12,5,Sweden,Kaggle Mug,KaggleRama,3623
3291,2018,1,5,Sweden,Kaggle Mug,KaggleRama,1320
3453,2018,3,5,Sweden,Kaggle Mug,KaggleRama,1275
3543,2018,4,5,Sweden,Kaggle Mug,KaggleRama,777
3633,2018,5,5,Sweden,Kaggle Mug,KaggleRama,984
3723,2018,6,5,Sweden,Kaggle Mug,KaggleRama,833
3813,2018,7,5,Sweden,Kaggle Mug,KaggleRama,1090
3903,2018,8,5,Sweden,Kaggle Mug,KaggleRama,1100
3993,2018,9,5,Sweden,Kaggle Mug,KaggleRama,1021
4083,2018,10,5,Sweden,Kaggle Mug,KaggleRama,1201
4173,2018,11,5,Sweden,Kaggle Mug,KaggleRama,896
4263,2018,12,5,Sweden,Kaggle Mug,KaggleRama,3745
