,year,month,week,country,product,store,num_sold
71,2015,1,4,Sweden,Kaggle Sticker,KaggleRama,1270
161,2015,2,4,Sweden,Kaggle Sticker,KaggleRama,1290
233,2015,3,4,Sweden,Kaggle Sticker,KaggleRama,1313
323,2015,4,4,Sweden,Kaggle Sticker,KaggleRama,1322
413,2015,5,4,Sweden,Kaggle Sticker,KaggleRama,1423
503,2015,6,4,Sweden,Kaggle Sticker,KaggleRama,1593
593,2015,7,4,Sweden,Kaggle Sticker,KaggleRama,1293
683,2015,8,4,Sweden,Kaggle Sticker,KaggleRama,1298
773,2015,9,4,Sweden,Kaggle Sticker,KaggleRama,1300
863,2015,10,4,Sweden,Kaggle Sticker,KaggleRama,1303
953,2015,11,4,Sweden,Kaggle Sticker,KaggleRama,1345
1043,2015,12,4,Sweden,Kaggle Sticker,KaggleRama,1736
1133,2016,1,4,Sweden,Kaggle Sticker,KaggleRama,1373
1223,2016,2,4,Sweden,Kaggle Sticker,KaggleRama,1354
1313,2016,3,4,Sweden,Kaggle Sticker,KaggleRama,1388
1403,2016,4,4,Sweden,Kaggle Sticker,KaggleRama,1330
1493,2016,5,4,Sweden,Kaggle Sticker,KaggleRama,1370
1583,2016,6,4,Sweden,Kaggle Sticker,KaggleRama,1422
1673,2016,7,4,Sweden,Kaggle Sticker,KaggleRama,1360
1763,2016,8,4,Sweden,Kaggle Sticker,KaggleRama,1345
1853,2016,9,4,Sweden,Kaggle Sticker,KaggleRama,1327
1943,2016,10,4,Sweden,Kaggle Sticker,KaggleRama,1373
2033,2016,11,4,Sweden,Kaggle Sticker,KaggleRama,1356
2123,2016,12,4,Sweden,Kaggle Sticker,KaggleRama,1799
2213,2017,1,4,Sweden,Kaggle Sticker,KaggleRama,1389
2303,2017,2,4,Sweden,Kaggle Sticker,KaggleRama,1378
2375,2017,3,4,Sweden,Kaggle Sticker,KaggleRama,1442
2465,2017,4,4,Sweden,Kaggle Sticker,KaggleRama,1567
2555,2017,5,4,Sweden,Kaggle Sticker,KaggleRama,1438
2645,2017,6,4,Sweden,Kaggle Sticker,KaggleRama,1573
2735,2017,7,4,Sweden,Kaggle Sticker,KaggleRama,1466
2825,2017,8,4,Sweden,Kaggle Sticker,KaggleRama,1446
2915,2017,9,4,Sweden,Kaggle Sticker,KaggleRama,1444
3005,2017,10,4,Sweden,Kaggle Sticker,KaggleRama,1443
3095,2017,11,4,Sweden,Kaggle Sticker,KaggleRama,1439
3185,2017,12,4,Sweden,Kaggle Sticker,KaggleRama,2002
3275,2018,1,4,Sweden,Kaggle Sticker,KaggleRama,1472
3365,2018,2,4,Sweden,Kaggle Sticker,KaggleRama,1474
3437,2018,3,4,Sweden,Kaggle Sticker,KaggleRama,1456
3527,2018,4,4,Sweden,Kaggle Sticker,KaggleRama,1460
3617,2018,5,4,Sweden,Kaggle Sticker,KaggleRama,1671
3707,2018,6,4,Sweden,Kaggle Sticker,KaggleRama,1705
3797,2018,7,4,Sweden,Kaggle Sticker,KaggleRama,1420
3887,2018,8,4,Sweden,Kaggle Sticker,KaggleRama,1382
3977,2018,9,4,Sweden,Kaggle Sticker,KaggleRama,1517
4067,2018,10,4,Sweden,Kaggle Sticker,KaggleRama,1465
4157,2018,11,4,Sweden,Kaggle Sticker,KaggleRama,1468
4247,2018,12,4,Sweden,Kaggle Sticker,KaggleRama,1899
