,year,month,week,country,product,store,num_sold
12,2015,1,1,Sweden,Kaggle Hat,KaggleMart,3791
102,2015,2,1,Sweden,Kaggle Hat,KaggleMart,3029
174,2015,3,1,Sweden,Kaggle Hat,KaggleMart,3100
264,2015,4,1,Sweden,Kaggle Hat,KaggleMart,3518
354,2015,5,1,Sweden,Kaggle Hat,KaggleMart,3452
444,2015,6,1,Sweden,Kaggle Hat,KaggleMart,2948
534,2015,7,1,Sweden,Kaggle Hat,KaggleMart,2663
624,2015,8,1,Sweden,Kaggle Hat,KaggleMart,2338
714,2015,9,1,Sweden,Kaggle Hat,KaggleMart,2166
804,2015,10,1,Sweden,Kaggle Hat,KaggleMart,2073
894,2015,11,1,Sweden,Kaggle Hat,KaggleMart,2415
984,2015,12,1,Sweden,Kaggle Hat,KaggleMart,2314
1074,2016,1,1,Sweden,Kaggle Hat,KaggleMart,3798
1164,2016,2,1,Sweden,Kaggle Hat,KaggleMart,3009
1254,2016,3,1,Sweden,Kaggle Hat,KaggleMart,3238
1344,2016,4,1,Sweden,Kaggle Hat,KaggleMart,3889
1434,2016,5,1,Sweden,Kaggle Hat,KaggleMart,3485
1524,2016,6,1,Sweden,Kaggle Hat,KaggleMart,3044
1614,2016,7,1,Sweden,Kaggle Hat,KaggleMart,2872
1704,2016,8,1,Sweden,Kaggle Hat,KaggleMart,2341
1794,2016,9,1,Sweden,Kaggle Hat,KaggleMart,2104
1884,2016,10,1,Sweden,Kaggle Hat,KaggleMart,2196
1974,2016,11,1,Sweden,Kaggle Hat,KaggleMart,2303
2064,2016,12,1,Sweden,Kaggle Hat,KaggleMart,2519
2154,2017,1,1,Sweden,Kaggle Hat,KaggleMart,3976
2244,2017,2,1,Sweden,Kaggle Hat,KaggleMart,3279
2316,2017,3,1,Sweden,Kaggle Hat,KaggleMart,3423
2406,2017,4,1,Sweden,Kaggle Hat,KaggleMart,3443
2496,2017,5,1,Sweden,Kaggle Hat,KaggleMart,3563
2586,2017,6,1,Sweden,Kaggle Hat,KaggleMart,3437
2676,2017,7,1,Sweden,Kaggle Hat,KaggleMart,3007
2766,2017,8,1,Sweden,Kaggle Hat,KaggleMart,2608
2856,2017,9,1,Sweden,Kaggle Hat,KaggleMart,2360
2946,2017,10,1,Sweden,Kaggle Hat,KaggleMart,2257
3036,2017,11,1,Sweden,Kaggle Hat,KaggleMart,2462
3126,2017,12,1,Sweden,Kaggle Hat,KaggleMart,2692
3216,2018,1,1,Sweden,Kaggle Hat,KaggleMart,4085
3306,2018,2,1,Sweden,Kaggle Hat,KaggleMart,3305
3378,2018,3,1,Sweden,Kaggle Hat,KaggleMart,3595
3468,2018,4,1,Sweden,Kaggle Hat,KaggleMart,4548
3558,2018,5,1,Sweden,Kaggle Hat,KaggleMart,3909
3648,2018,6,1,Sweden,Kaggle Hat,KaggleMart,3258
3738,2018,7,1,Sweden,Kaggle Hat,KaggleMart,2893
3828,2018,8,1,Sweden,Kaggle Hat,KaggleMart,2587
3918,2018,9,1,Sweden,Kaggle Hat,KaggleMart,2283
4008,2018,10,1,Sweden,Kaggle Hat,KaggleMart,2270
4098,2018,11,1,Sweden,Kaggle Hat,KaggleMart,2510
4188,2018,12,1,Sweden,Kaggle Hat,KaggleMart,2666
