,year,month,week,country,product,store,num_sold
65,2015,1,4,Norway,Kaggle Sticker,KaggleRama,1803
155,2015,2,4,Norway,Kaggle Sticker,KaggleRama,1867
227,2015,3,4,Norway,Kaggle Sticker,KaggleRama,1882
317,2015,4,4,Norway,Kaggle Sticker,KaggleRama,1868
407,2015,5,4,Norway,Kaggle Sticker,KaggleRama,2189
497,2015,6,4,Norway,Kaggle Sticker,KaggleRama,1828
587,2015,7,4,Norway,Kaggle Sticker,KaggleRama,1942
677,2015,8,4,Norway,Kaggle Sticker,KaggleRama,1906
767,2015,9,4,Norway,Kaggle Sticker,KaggleRama,1860
857,2015,10,4,Norway,Kaggle Sticker,KaggleRama,1879
947,2015,11,4,Norway,Kaggle Sticker,KaggleRama,1849
1037,2015,12,4,Norway,Kaggle Sticker,KaggleRama,2452
1127,2016,1,4,Norway,Kaggle Sticker,KaggleRama,1843
1217,2016,2,4,Norway,Kaggle Sticker,KaggleRama,1876
1307,2016,3,4,Norway,Kaggle Sticker,KaggleRama,2036
1397,2016,4,4,Norway,Kaggle Sticker,KaggleRama,1851
1487,2016,5,4,Norway,Kaggle Sticker,KaggleRama,1997
1577,2016,6,4,Norway,Kaggle Sticker,KaggleRama,1846
1667,2016,7,4,Norway,Kaggle Sticker,KaggleRama,1839
1757,2016,8,4,Norway,Kaggle Sticker,KaggleRama,1745
1847,2016,9,4,Norway,Kaggle Sticker,KaggleRama,1828
1937,2016,10,4,Norway,Kaggle Sticker,KaggleRama,1863
2027,2016,11,4,Norway,Kaggle Sticker,KaggleRama,1806
2117,2016,12,4,Norway,Kaggle Sticker,KaggleRama,2404
2207,2017,1,4,Norway,Kaggle Sticker,KaggleRama,1952
2297,2017,2,4,Norway,Kaggle Sticker,KaggleRama,1967
2369,2017,3,4,Norway,Kaggle Sticker,KaggleRama,2025
2459,2017,4,4,Norway,Kaggle Sticker,KaggleRama,2141
2549,2017,5,4,Norway,Kaggle Sticker,KaggleRama,2245
2639,2017,6,4,Norway,Kaggle Sticker,KaggleRama,2007
2729,2017,7,4,Norway,Kaggle Sticker,KaggleRama,2026
2819,2017,8,4,Norway,Kaggle Sticker,KaggleRama,1968
2909,2017,9,4,Norway,Kaggle Sticker,KaggleRama,2024
2999,2017,10,4,Norway,Kaggle Sticker,KaggleRama,2050
3089,2017,11,4,Norway,Kaggle Sticker,KaggleRama,2065
3179,2017,12,4,Norway,Kaggle Sticker,KaggleRama,2606
3269,2018,1,4,Norway,Kaggle Sticker,KaggleRama,2225
3359,2018,2,4,Norway,Kaggle Sticker,KaggleRama,2246
3431,2018,3,4,Norway,Kaggle Sticker,KaggleRama,2213
3521,2018,4,4,Norway,Kaggle Sticker,KaggleRama,2249
3611,2018,5,4,Norway,Kaggle Sticker,KaggleRama,2780
3701,2018,6,4,Norway,Kaggle Sticker,KaggleRama,2140
3791,2018,7,4,Norway,Kaggle Sticker,KaggleRama,2230
3881,2018,8,4,Norway,Kaggle Sticker,KaggleRama,2332
3971,2018,9,4,Norway,Kaggle Sticker,KaggleRama,2242
4061,2018,10,4,Norway,Kaggle Sticker,KaggleRama,2207
4151,2018,11,4,Norway,Kaggle Sticker,KaggleRama,2194
4241,2018,12,4,Norway,Kaggle Sticker,KaggleRama,2766
