,year,month,week,country,product,store,num_sold
26,2015,1,2,Norway,Kaggle Mug,KaggleMart,2478
116,2015,2,2,Norway,Kaggle Mug,KaggleMart,2399
188,2015,3,2,Norway,Kaggle Mug,KaggleMart,2297
278,2015,4,2,Norway,Kaggle Mug,KaggleMart,2766
368,2015,5,2,Norway,Kaggle Mug,KaggleMart,1944
458,2015,6,2,Norway,Kaggle Mug,KaggleMart,1780
548,2015,7,2,Norway,Kaggle Mug,KaggleMart,1809
638,2015,8,2,Norway,Kaggle Mug,KaggleMart,1862
728,2015,9,2,Norway,Kaggle Mug,KaggleMart,2031
818,2015,10,2,Norway,Kaggle Mug,KaggleMart,2275
908,2015,11,2,Norway,Kaggle Mug,KaggleMart,2311
998,2015,12,2,Norway,Kaggle Mug,KaggleMart,2505
1088,2016,1,2,Norway,Kaggle Mug,KaggleMart,2531
1178,2016,2,2,Norway,Kaggle Mug,KaggleMart,2285
1268,2016,3,2,Norway,Kaggle Mug,KaggleMart,2122
1358,2016,4,2,Norway,Kaggle Mug,KaggleMart,1933
1448,2016,5,2,Norway,Kaggle Mug,KaggleMart,2069
1538,2016,6,2,Norway,Kaggle Mug,KaggleMart,1814
1628,2016,7,2,Norway,Kaggle Mug,KaggleMart,1739
1718,2016,8,2,Norway,Kaggle Mug,KaggleMart,1768
1808,2016,9,2,Norway,Kaggle Mug,KaggleMart,1938
1898,2016,10,2,Norway,Kaggle Mug,KaggleMart,2087
1988,2016,11,2,Norway,Kaggle Mug,KaggleMart,2298
2078,2016,12,2,Norway,Kaggle Mug,KaggleMart,2396
2168,2017,1,2,Norway,Kaggle Mug,KaggleMart,2574
2258,2017,2,2,Norway,Kaggle Mug,KaggleMart,2488
2330,2017,3,2,Norway,Kaggle Mug,KaggleMart,2396
2420,2017,4,2,Norway,Kaggle Mug,KaggleMart,2286
2510,2017,5,2,Norway,Kaggle Mug,KaggleMart,2103
2600,2017,6,2,Norway,Kaggle Mug,KaggleMart,2237
2690,2017,7,2,Norway,Kaggle Mug,KaggleMart,1901
2780,2017,8,2,Norway,Kaggle Mug,KaggleMart,2011
2870,2017,9,2,Norway,Kaggle Mug,KaggleMart,2201
2960,2017,10,2,Norway,Kaggle Mug,KaggleMart,2272
3050,2017,11,2,Norway,Kaggle Mug,KaggleMart,2552
3140,2017,12,2,Norway,Kaggle Mug,KaggleMart,2600
3230,2018,1,2,Norway,Kaggle Mug,KaggleMart,2877
3320,2018,2,2,Norway,Kaggle Mug,KaggleMart,2796
3392,2018,3,2,Norway,Kaggle Mug,KaggleMart,2736
3482,2018,4,2,Norway,Kaggle Mug,KaggleMart,2529
3572,2018,5,2,Norway,Kaggle Mug,KaggleMart,2453
3662,2018,6,2,Norway,Kaggle Mug,KaggleMart,2123
3752,2018,7,2,Norway,Kaggle Mug,KaggleMart,2068
3842,2018,8,2,Norway,Kaggle Mug,KaggleMart,2224
3932,2018,9,2,Norway,Kaggle Mug,KaggleMart,2395
4022,2018,10,2,Norway,Kaggle Mug,KaggleMart,2557
4112,2018,11,2,Norway,Kaggle Mug,KaggleMart,2676
4202,2018,12,2,Norway,Kaggle Mug,KaggleMart,2723
