,year,month,week,country,product,store,num_sold
67,2015,1,4,Sweden,Kaggle Hat,KaggleRama,4835
157,2015,2,4,Sweden,Kaggle Hat,KaggleRama,5483
229,2015,3,4,Sweden,Kaggle Hat,KaggleRama,5596
319,2015,4,4,Sweden,Kaggle Hat,KaggleRama,5410
409,2015,5,4,Sweden,Kaggle Hat,KaggleRama,5642
499,2015,6,4,Sweden,Kaggle Hat,KaggleRama,5711
589,2015,7,4,Sweden,Kaggle Hat,KaggleRama,4246
679,2015,8,4,Sweden,Kaggle Hat,KaggleRama,3845
769,2015,9,4,Sweden,Kaggle Hat,KaggleRama,3515
859,2015,10,4,Sweden,Kaggle Hat,KaggleRama,3740
949,2015,11,4,Sweden,Kaggle Hat,KaggleRama,4120
1039,2015,12,4,Sweden,Kaggle Hat,KaggleRama,5849
1129,2016,1,4,Sweden,Kaggle Hat,KaggleRama,5334
1219,2016,2,4,Sweden,Kaggle Hat,KaggleRama,5575
1309,2016,3,4,Sweden,Kaggle Hat,KaggleRama,5886
1399,2016,4,4,Sweden,Kaggle Hat,KaggleRama,5908
1489,2016,5,4,Sweden,Kaggle Hat,KaggleRama,5385
1579,2016,6,4,Sweden,Kaggle Hat,KaggleRama,5196
1669,2016,7,4,Sweden,Kaggle Hat,KaggleRama,4346
1759,2016,8,4,Sweden,Kaggle Hat,KaggleRama,3922
1849,2016,9,4,Sweden,Kaggle Hat,KaggleRama,3755
1939,2016,10,4,Sweden,Kaggle Hat,KaggleRama,3811
2029,2016,11,4,Sweden,Kaggle Hat,KaggleRama,4248
2119,2016,12,4,Sweden,Kaggle Hat,KaggleRama,6061
2209,2017,1,4,Sweden,Kaggle Hat,KaggleRama,5360
2299,2017,2,4,Sweden,Kaggle Hat,KaggleRama,5829
2371,2017,3,4,Sweden,Kaggle Hat,KaggleRama,6163
2461,2017,4,4,Sweden,Kaggle Hat,KaggleRama,6711
2551,2017,5,4,Sweden,Kaggle Hat,KaggleRama,5855
2641,2017,6,4,Sweden,Kaggle Hat,KaggleRama,5701
2731,2017,7,4,Sweden,Kaggle Hat,KaggleRama,4807
2821,2017,8,4,Sweden,Kaggle Hat,KaggleRama,4065
2911,2017,9,4,Sweden,Kaggle Hat,KaggleRama,3830
3001,2017,10,4,Sweden,Kaggle Hat,KaggleRama,3934
3091,2017,11,4,Sweden,Kaggle Hat,KaggleRama,4573
3181,2017,12,4,Sweden,Kaggle Hat,KaggleRama,6573
3271,2018,1,4,Sweden,Kaggle Hat,KaggleRama,5554
3361,2018,2,4,Sweden,Kaggle Hat,KaggleRama,5942
3433,2018,3,4,Sweden,Kaggle Hat,KaggleRama,6354
3523,2018,4,4,Sweden,Kaggle Hat,KaggleRama,6106
3613,2018,5,4,Sweden,Kaggle Hat,KaggleRama,6528
3703,2018,6,4,Sweden,Kaggle Hat,KaggleRama,6311
3793,2018,7,4,Sweden,Kaggle Hat,KaggleRama,4675
3883,2018,8,4,Sweden,Kaggle Hat,KaggleRama,4154
3973,2018,9,4,Sweden,Kaggle Hat,KaggleRama,4005
4063,2018,10,4,Sweden,Kaggle Hat,KaggleRama,4106
4153,2018,11,4,Sweden,Kaggle Hat,KaggleRama,4487
4243,2018,12,4,Sweden,Kaggle Hat,KaggleRama,6641
