,year,month,week,country,product,store,num_sold
60,2015,1,4,Norway,Kaggle Hat,KaggleMart,3982
150,2015,2,4,Norway,Kaggle Hat,KaggleMart,4447
222,2015,3,4,Norway,Kaggle Hat,KaggleMart,4608
312,2015,4,4,Norway,Kaggle Hat,KaggleMart,4582
402,2015,5,4,Norway,Kaggle Hat,KaggleMart,4947
492,2015,6,4,Norway,Kaggle Hat,KaggleMart,3956
582,2015,7,4,Norway,Kaggle Hat,KaggleMart,3470
672,2015,8,4,Norway,Kaggle Hat,KaggleMart,3168
762,2015,9,4,Norway,Kaggle Hat,KaggleMart,2959
852,2015,10,4,Norway,Kaggle Hat,KaggleMart,2977
942,2015,11,4,Norway,Kaggle Hat,KaggleMart,3218
1032,2015,12,4,Norway,Kaggle Hat,KaggleMart,4794
1122,2016,1,4,Norway,Kaggle Hat,KaggleMart,4067
1212,2016,2,4,Norway,Kaggle Hat,KaggleMart,4383
1302,2016,3,4,Norway,Kaggle Hat,KaggleMart,4907
1392,2016,4,4,Norway,Kaggle Hat,KaggleMart,4342
1482,2016,5,4,Norway,Kaggle Hat,KaggleMart,4571
1572,2016,6,4,Norway,Kaggle Hat,KaggleMart,3717
1662,2016,7,4,Norway,Kaggle Hat,KaggleMart,3201
1752,2016,8,4,Norway,Kaggle Hat,KaggleMart,3050
1842,2016,9,4,Norway,Kaggle Hat,KaggleMart,2791
1932,2016,10,4,Norway,Kaggle Hat,KaggleMart,2971
2022,2016,11,4,Norway,Kaggle Hat,KaggleMart,3257
2112,2016,12,4,Norway,Kaggle Hat,KaggleMart,4493
2202,2017,1,4,Norway,Kaggle Hat,KaggleMart,4335
2292,2017,2,4,Norway,Kaggle Hat,KaggleMart,4818
2364,2017,3,4,Norway,Kaggle Hat,KaggleMart,4772
2454,2017,4,4,Norway,Kaggle Hat,KaggleMart,5304
2544,2017,5,4,Norway,Kaggle Hat,KaggleMart,5025
2634,2017,6,4,Norway,Kaggle Hat,KaggleMart,4092
2724,2017,7,4,Norway,Kaggle Hat,KaggleMart,3683
2814,2017,8,4,Norway,Kaggle Hat,KaggleMart,3480
2904,2017,9,4,Norway,Kaggle Hat,KaggleMart,3178
2994,2017,10,4,Norway,Kaggle Hat,KaggleMart,3190
3084,2017,11,4,Norway,Kaggle Hat,KaggleMart,3605
3174,2017,12,4,Norway,Kaggle Hat,KaggleMart,4883
3264,2018,1,4,Norway,Kaggle Hat,KaggleMart,4889
3354,2018,2,4,Norway,Kaggle Hat,KaggleMart,5041
3426,2018,3,4,Norway,Kaggle Hat,KaggleMart,5327
3516,2018,4,4,Norway,Kaggle Hat,KaggleMart,5264
3606,2018,5,4,Norway,Kaggle Hat,KaggleMart,6407
3696,2018,6,4,Norway,Kaggle Hat,KaggleMart,4524
3786,2018,7,4,Norway,Kaggle Hat,KaggleMart,3958
3876,2018,8,4,Norway,Kaggle Hat,KaggleMart,3689
3966,2018,9,4,Norway,Kaggle Hat,KaggleMart,3553
4056,2018,10,4,Norway,Kaggle Hat,KaggleMart,3578
4146,2018,11,4,Norway,Kaggle Hat,KaggleMart,3988
4236,2018,12,4,Norway,Kaggle Hat,KaggleMart,5332
