,year,month,week,country,product,store,num_sold
84,2015,1,5,Sweden,Kaggle Hat,KaggleMart,1182
246,2015,3,5,Sweden,Kaggle Hat,KaggleMart,1417
336,2015,4,5,Sweden,Kaggle Hat,KaggleMart,810
426,2015,5,5,Sweden,Kaggle Hat,KaggleMart,1499
516,2015,6,5,Sweden,Kaggle Hat,KaggleMart,710
606,2015,7,5,Sweden,Kaggle Hat,KaggleMart,972
696,2015,8,5,Sweden,Kaggle Hat,KaggleMart,981
786,2015,9,5,Sweden,Kaggle Hat,KaggleMart,572
876,2015,10,5,Sweden,Kaggle Hat,KaggleMart,967
966,2015,11,5,Sweden,Kaggle Hat,KaggleMart,691
1056,2015,12,5,Sweden,Kaggle Hat,KaggleMart,2364
1146,2016,1,5,Sweden,Kaggle Hat,KaggleMart,1470
1236,2016,2,5,Sweden,Kaggle Hat,KaggleMart,426
1326,2016,3,5,Sweden,Kaggle Hat,KaggleMart,1645
1416,2016,4,5,Sweden,Kaggle Hat,KaggleMart,1020
1506,2016,5,5,Sweden,Kaggle Hat,KaggleMart,1240
1596,2016,6,5,Sweden,Kaggle Hat,KaggleMart,929
1686,2016,7,5,Sweden,Kaggle Hat,KaggleMart,1147
1776,2016,8,5,Sweden,Kaggle Hat,KaggleMart,902
1866,2016,9,5,Sweden,Kaggle Hat,KaggleMart,556
1956,2016,10,5,Sweden,Kaggle Hat,KaggleMart,1031
2046,2016,11,5,Sweden,Kaggle Hat,KaggleMart,617
2136,2016,12,5,Sweden,Kaggle Hat,KaggleMart,2944
2226,2017,1,5,Sweden,Kaggle Hat,KaggleMart,1357
2388,2017,3,5,Sweden,Kaggle Hat,KaggleMart,1350
2478,2017,4,5,Sweden,Kaggle Hat,KaggleMart,1151
2568,2017,5,5,Sweden,Kaggle Hat,KaggleMart,1440
2658,2017,6,5,Sweden,Kaggle Hat,KaggleMart,973
2748,2017,7,5,Sweden,Kaggle Hat,KaggleMart,1213
2838,2017,8,5,Sweden,Kaggle Hat,KaggleMart,962
2928,2017,9,5,Sweden,Kaggle Hat,KaggleMart,663
3018,2017,10,5,Sweden,Kaggle Hat,KaggleMart,984
3108,2017,11,5,Sweden,Kaggle Hat,KaggleMart,648
3198,2017,12,5,Sweden,Kaggle Hat,KaggleMart,3282
3288,2018,1,5,Sweden,Kaggle Hat,KaggleMart,1267
3450,2018,3,5,Sweden,Kaggle Hat,KaggleMart,1650
3540,2018,4,5,Sweden,Kaggle Hat,KaggleMart,1094
3630,2018,5,5,Sweden,Kaggle Hat,KaggleMart,1315
3720,2018,6,5,Sweden,Kaggle Hat,KaggleMart,1047
3810,2018,7,5,Sweden,Kaggle Hat,KaggleMart,1084
3900,2018,8,5,Sweden,Kaggle Hat,KaggleMart,973
3990,2018,9,5,Sweden,Kaggle Hat,KaggleMart,788
4080,2018,10,5,Sweden,Kaggle Hat,KaggleMart,907
4170,2018,11,5,Sweden,Kaggle Hat,KaggleMart,675
4260,2018,12,5,Sweden,Kaggle Hat,KaggleMart,3062
