,year,month,week,country,product,store,num_sold
25,2015,1,2,Norway,Kaggle Hat,KaggleRama,7058
115,2015,2,2,Norway,Kaggle Hat,KaggleRama,7687
187,2015,3,2,Norway,Kaggle Hat,KaggleRama,8082
277,2015,4,2,Norway,Kaggle Hat,KaggleRama,10393
367,2015,5,2,Norway,Kaggle Hat,KaggleRama,8074
457,2015,6,2,Norway,Kaggle Hat,KaggleRama,7237
547,2015,7,2,Norway,Kaggle Hat,KaggleRama,6287
637,2015,8,2,Norway,Kaggle Hat,KaggleRama,5656
727,2015,9,2,Norway,Kaggle Hat,KaggleRama,5277
817,2015,10,2,Norway,Kaggle Hat,KaggleRama,5243
907,2015,11,2,Norway,Kaggle Hat,KaggleRama,5450
997,2015,12,2,Norway,Kaggle Hat,KaggleRama,6176
1087,2016,1,2,Norway,Kaggle Hat,KaggleRama,6788
1177,2016,2,2,Norway,Kaggle Hat,KaggleRama,7249
1267,2016,3,2,Norway,Kaggle Hat,KaggleRama,7678
1357,2016,4,2,Norway,Kaggle Hat,KaggleRama,7700
1447,2016,5,2,Norway,Kaggle Hat,KaggleRama,8301
1537,2016,6,2,Norway,Kaggle Hat,KaggleRama,6837
1627,2016,7,2,Norway,Kaggle Hat,KaggleRama,6139
1717,2016,8,2,Norway,Kaggle Hat,KaggleRama,5601
1807,2016,9,2,Norway,Kaggle Hat,KaggleRama,5128
1897,2016,10,2,Norway,Kaggle Hat,KaggleRama,4988
1987,2016,11,2,Norway,Kaggle Hat,KaggleRama,5322
2077,2016,12,2,Norway,Kaggle Hat,KaggleRama,5911
2167,2017,1,2,Norway,Kaggle Hat,KaggleRama,7090
2257,2017,2,2,Norway,Kaggle Hat,KaggleRama,7763
2329,2017,3,2,Norway,Kaggle Hat,KaggleRama,8523
2419,2017,4,2,Norway,Kaggle Hat,KaggleRama,8384
2509,2017,5,2,Norway,Kaggle Hat,KaggleRama,8348
2599,2017,6,2,Norway,Kaggle Hat,KaggleRama,8597
2689,2017,7,2,Norway,Kaggle Hat,KaggleRama,6914
2779,2017,8,2,Norway,Kaggle Hat,KaggleRama,6135
2869,2017,9,2,Norway,Kaggle Hat,KaggleRama,5592
2959,2017,10,2,Norway,Kaggle Hat,KaggleRama,5474
3049,2017,11,2,Norway,Kaggle Hat,KaggleRama,6218
3139,2017,12,2,Norway,Kaggle Hat,KaggleRama,6711
3229,2018,1,2,Norway,Kaggle Hat,KaggleRama,8409
3319,2018,2,2,Norway,Kaggle Hat,KaggleRama,8473
3391,2018,3,2,Norway,Kaggle Hat,KaggleRama,9458
3481,2018,4,2,Norway,Kaggle Hat,KaggleRama,9749
3571,2018,5,2,Norway,Kaggle Hat,KaggleRama,10123
3661,2018,6,2,Norway,Kaggle Hat,KaggleRama,8358
3751,2018,7,2,Norway,Kaggle Hat,KaggleRama,7416
3841,2018,8,2,Norway,Kaggle Hat,KaggleRama,6631
3931,2018,9,2,Norway,Kaggle Hat,KaggleRama,6332
4021,2018,10,2,Norway,Kaggle Hat,KaggleRama,6201
4111,2018,11,2,Norway,Kaggle Hat,KaggleRama,6341
4201,2018,12,2,Norway,Kaggle Hat,KaggleRama,6948
