,year,month,week,country,product,store,num_sold
88,2015,1,5,Sweden,Kaggle Sticker,KaggleMart,325
250,2015,3,5,Sweden,Kaggle Sticker,KaggleMart,324
340,2015,4,5,Sweden,Kaggle Sticker,KaggleMart,206
430,2015,5,5,Sweden,Kaggle Sticker,KaggleMart,392
520,2015,6,5,Sweden,Kaggle Sticker,KaggleMart,197
610,2015,7,5,Sweden,Kaggle Sticker,KaggleMart,304
700,2015,8,5,Sweden,Kaggle Sticker,KaggleMart,345
790,2015,9,5,Sweden,Kaggle Sticker,KaggleMart,205
880,2015,10,5,Sweden,Kaggle Sticker,KaggleMart,351
970,2015,11,5,Sweden,Kaggle Sticker,KaggleMart,224
1060,2015,12,5,Sweden,Kaggle Sticker,KaggleMart,718
1150,2016,1,5,Sweden,Kaggle Sticker,KaggleMart,387
1240,2016,2,5,Sweden,Kaggle Sticker,KaggleMart,90
1330,2016,3,5,Sweden,Kaggle Sticker,KaggleMart,416
1420,2016,4,5,Sweden,Kaggle Sticker,KaggleMart,241
1510,2016,5,5,Sweden,Kaggle Sticker,KaggleMart,320
1600,2016,6,5,Sweden,Kaggle Sticker,KaggleMart,274
1690,2016,7,5,Sweden,Kaggle Sticker,KaggleMart,368
1780,2016,8,5,Sweden,Kaggle Sticker,KaggleMart,322
1870,2016,9,5,Sweden,Kaggle Sticker,KaggleMart,212
1960,2016,10,5,Sweden,Kaggle Sticker,KaggleMart,367
2050,2016,11,5,Sweden,Kaggle Sticker,KaggleMart,204
2140,2016,12,5,Sweden,Kaggle Sticker,KaggleMart,814
2230,2017,1,5,Sweden,Kaggle Sticker,KaggleMart,334
2392,2017,3,5,Sweden,Kaggle Sticker,KaggleMart,314
2482,2017,4,5,Sweden,Kaggle Sticker,KaggleMart,271
2572,2017,5,5,Sweden,Kaggle Sticker,KaggleMart,372
2662,2017,6,5,Sweden,Kaggle Sticker,KaggleMart,272
2752,2017,7,5,Sweden,Kaggle Sticker,KaggleMart,384
2842,2017,8,5,Sweden,Kaggle Sticker,KaggleMart,321
2932,2017,9,5,Sweden,Kaggle Sticker,KaggleMart,253
3022,2017,10,5,Sweden,Kaggle Sticker,KaggleMart,344
3112,2017,11,5,Sweden,Kaggle Sticker,KaggleMart,222
3202,2017,12,5,Sweden,Kaggle Sticker,KaggleMart,929
3292,2018,1,5,Sweden,Kaggle Sticker,KaggleMart,362
3454,2018,3,5,Sweden,Kaggle Sticker,KaggleMart,365
3544,2018,4,5,Sweden,Kaggle Sticker,KaggleMart,251
3634,2018,5,5,Sweden,Kaggle Sticker,KaggleMart,337
3724,2018,6,5,Sweden,Kaggle Sticker,KaggleMart,305
3814,2018,7,5,Sweden,Kaggle Sticker,KaggleMart,359
3904,2018,8,5,Sweden,Kaggle Sticker,KaggleMart,352
3994,2018,9,5,Sweden,Kaggle Sticker,KaggleMart,282
4084,2018,10,5,Sweden,Kaggle Sticker,KaggleMart,342
4174,2018,11,5,Sweden,Kaggle Sticker,KaggleMart,223
4264,2018,12,5,Sweden,Kaggle Sticker,KaggleMart,934
