,year,month,week,country,product,store,num_sold
4,2015,1,1,Finland,Kaggle Sticker,KaggleMart,831
94,2015,2,1,Finland,Kaggle Sticker,KaggleMart,635
166,2015,3,1,Finland,Kaggle Sticker,KaggleMart,633
256,2015,4,1,Finland,Kaggle Sticker,KaggleMart,670
346,2015,5,1,Finland,Kaggle Sticker,KaggleMart,682
436,2015,6,1,Finland,Kaggle Sticker,KaggleMart,636
526,2015,7,1,Finland,Kaggle Sticker,KaggleMart,628
616,2015,8,1,Finland,Kaggle Sticker,KaggleMart,646
706,2015,9,1,Finland,Kaggle Sticker,KaggleMart,649
796,2015,10,1,Finland,Kaggle Sticker,KaggleMart,617
886,2015,11,1,Finland,Kaggle Sticker,KaggleMart,688
976,2015,12,1,Finland,Kaggle Sticker,KaggleMart,635
1066,2016,1,1,Finland,Kaggle Sticker,KaggleMart,823
1156,2016,2,1,Finland,Kaggle Sticker,KaggleMart,638
1246,2016,3,1,Finland,Kaggle Sticker,KaggleMart,647
1336,2016,4,1,Finland,Kaggle Sticker,KaggleMart,734
1426,2016,5,1,Finland,Kaggle Sticker,KaggleMart,698
1516,2016,6,1,Finland,Kaggle Sticker,KaggleMart,648
1606,2016,7,1,Finland,Kaggle Sticker,KaggleMart,667
1696,2016,8,1,Finland,Kaggle Sticker,KaggleMart,635
1786,2016,9,1,Finland,Kaggle Sticker,KaggleMart,657
1876,2016,10,1,Finland,Kaggle Sticker,KaggleMart,686
1966,2016,11,1,Finland,Kaggle Sticker,KaggleMart,672
2056,2016,12,1,Finland,Kaggle Sticker,KaggleMart,652
2146,2017,1,1,Finland,Kaggle Sticker,KaggleMart,886
2236,2017,2,1,Finland,Kaggle Sticker,KaggleMart,708
2308,2017,3,1,Finland,Kaggle Sticker,KaggleMart,689
2398,2017,4,1,Finland,Kaggle Sticker,KaggleMart,719
2488,2017,5,1,Finland,Kaggle Sticker,KaggleMart,794
2578,2017,6,1,Finland,Kaggle Sticker,KaggleMart,753
2668,2017,7,1,Finland,Kaggle Sticker,KaggleMart,735
2758,2017,8,1,Finland,Kaggle Sticker,KaggleMart,722
2848,2017,9,1,Finland,Kaggle Sticker,KaggleMart,727
2938,2017,10,1,Finland,Kaggle Sticker,KaggleMart,720
3028,2017,11,1,Finland,Kaggle Sticker,KaggleMart,752
3118,2017,12,1,Finland,Kaggle Sticker,KaggleMart,733
3208,2018,1,1,Finland,Kaggle Sticker,KaggleMart,982
3298,2018,2,1,Finland,Kaggle Sticker,KaggleMart,754
3370,2018,3,1,Finland,Kaggle Sticker,KaggleMart,776
3460,2018,4,1,Finland,Kaggle Sticker,KaggleMart,979
3550,2018,5,1,Finland,Kaggle Sticker,KaggleMart,890
3640,2018,6,1,Finland,Kaggle Sticker,KaggleMart,743
3730,2018,7,1,Finland,Kaggle Sticker,KaggleMart,759
3820,2018,8,1,Finland,Kaggle Sticker,KaggleMart,777
3910,2018,9,1,Finland,Kaggle Sticker,KaggleMart,757
4000,2018,10,1,Finland,Kaggle Sticker,KaggleMart,773
4090,2018,11,1,Finland,Kaggle Sticker,KaggleMart,797
4180,2018,12,1,Finland,Kaggle Sticker,KaggleMart,746
