,year,month,week,country,product,store,num_sold
42,2015,1,3,Norway,Kaggle Hat,KaggleMart,3954
132,2015,2,3,Norway,Kaggle Hat,KaggleMart,4399
204,2015,3,3,Norway,Kaggle Hat,KaggleMart,4634
294,2015,4,3,Norway,Kaggle Hat,KaggleMart,4657
384,2015,5,3,Norway,Kaggle Hat,KaggleMart,5219
474,2015,6,3,Norway,Kaggle Hat,KaggleMart,3978
564,2015,7,3,Norway,Kaggle Hat,KaggleMart,3568
654,2015,8,3,Norway,Kaggle Hat,KaggleMart,3192
744,2015,9,3,Norway,Kaggle Hat,KaggleMart,3019
834,2015,10,3,Norway,Kaggle Hat,KaggleMart,3103
924,2015,11,3,Norway,Kaggle Hat,KaggleMart,3304
1014,2015,12,3,Norway,Kaggle Hat,KaggleMart,3521
1104,2016,1,3,Norway,Kaggle Hat,KaggleMart,3992
1194,2016,2,3,Norway,Kaggle Hat,KaggleMart,4219
1284,2016,3,3,Norway,Kaggle Hat,KaggleMart,4337
1374,2016,4,3,Norway,Kaggle Hat,KaggleMart,4373
1464,2016,5,3,Norway,Kaggle Hat,KaggleMart,5184
1554,2016,6,3,Norway,Kaggle Hat,KaggleMart,3865
1644,2016,7,3,Norway,Kaggle Hat,KaggleMart,3430
1734,2016,8,3,Norway,Kaggle Hat,KaggleMart,3027
1824,2016,9,3,Norway,Kaggle Hat,KaggleMart,2696
1914,2016,10,3,Norway,Kaggle Hat,KaggleMart,2986
2004,2016,11,3,Norway,Kaggle Hat,KaggleMart,3055
2094,2016,12,3,Norway,Kaggle Hat,KaggleMart,3562
2184,2017,1,3,Norway,Kaggle Hat,KaggleMart,4254
2274,2017,2,3,Norway,Kaggle Hat,KaggleMart,4673
2346,2017,3,3,Norway,Kaggle Hat,KaggleMart,4789
2436,2017,4,3,Norway,Kaggle Hat,KaggleMart,6618
2526,2017,5,3,Norway,Kaggle Hat,KaggleMart,4864
2616,2017,6,3,Norway,Kaggle Hat,KaggleMart,4179
2706,2017,7,3,Norway,Kaggle Hat,KaggleMart,3835
2796,2017,8,3,Norway,Kaggle Hat,KaggleMart,3585
2886,2017,9,3,Norway,Kaggle Hat,KaggleMart,3260
2976,2017,10,3,Norway,Kaggle Hat,KaggleMart,3203
3066,2017,11,3,Norway,Kaggle Hat,KaggleMart,3566
3156,2017,12,3,Norway,Kaggle Hat,KaggleMart,3927
3246,2018,1,3,Norway,Kaggle Hat,KaggleMart,4855
3336,2018,2,3,Norway,Kaggle Hat,KaggleMart,5040
3408,2018,3,3,Norway,Kaggle Hat,KaggleMart,5414
3498,2018,4,3,Norway,Kaggle Hat,KaggleMart,5485
3588,2018,5,3,Norway,Kaggle Hat,KaggleMart,5918
3678,2018,6,3,Norway,Kaggle Hat,KaggleMart,4877
3768,2018,7,3,Norway,Kaggle Hat,KaggleMart,4132
3858,2018,8,3,Norway,Kaggle Hat,KaggleMart,3773
3948,2018,9,3,Norway,Kaggle Hat,KaggleMart,3488
4038,2018,10,3,Norway,Kaggle Hat,KaggleMart,3467
4128,2018,11,3,Norway,Kaggle Hat,KaggleMart,3703
4218,2018,12,3,Norway,Kaggle Hat,KaggleMart,4186
