,year,month,week,country,product,store,num_sold
31,2015,1,2,Sweden,Kaggle Hat,KaggleRama,5235
121,2015,2,2,Sweden,Kaggle Hat,KaggleRama,5285
193,2015,3,2,Sweden,Kaggle Hat,KaggleRama,5312
283,2015,4,2,Sweden,Kaggle Hat,KaggleRama,6981
373,2015,5,2,Sweden,Kaggle Hat,KaggleRama,5392
463,2015,6,2,Sweden,Kaggle Hat,KaggleRama,5481
553,2015,7,2,Sweden,Kaggle Hat,KaggleRama,4566
643,2015,8,2,Sweden,Kaggle Hat,KaggleRama,4080
733,2015,9,2,Sweden,Kaggle Hat,KaggleRama,3572
823,2015,10,2,Sweden,Kaggle Hat,KaggleRama,3721
913,2015,11,2,Sweden,Kaggle Hat,KaggleRama,3870
1003,2015,12,2,Sweden,Kaggle Hat,KaggleRama,4368
1093,2016,1,2,Sweden,Kaggle Hat,KaggleRama,5638
1183,2016,2,2,Sweden,Kaggle Hat,KaggleRama,5345
1273,2016,3,2,Sweden,Kaggle Hat,KaggleRama,5567
1363,2016,4,2,Sweden,Kaggle Hat,KaggleRama,5712
1453,2016,5,2,Sweden,Kaggle Hat,KaggleRama,5870
1543,2016,6,2,Sweden,Kaggle Hat,KaggleRama,5718
1633,2016,7,2,Sweden,Kaggle Hat,KaggleRama,4643
1723,2016,8,2,Sweden,Kaggle Hat,KaggleRama,4061
1813,2016,9,2,Sweden,Kaggle Hat,KaggleRama,3733
1903,2016,10,2,Sweden,Kaggle Hat,KaggleRama,3686
1993,2016,11,2,Sweden,Kaggle Hat,KaggleRama,4325
2083,2016,12,2,Sweden,Kaggle Hat,KaggleRama,4328
2173,2017,1,2,Sweden,Kaggle Hat,KaggleRama,5766
2263,2017,2,2,Sweden,Kaggle Hat,KaggleRama,5769
2335,2017,3,2,Sweden,Kaggle Hat,KaggleRama,5865
2425,2017,4,2,Sweden,Kaggle Hat,KaggleRama,5826
2515,2017,5,2,Sweden,Kaggle Hat,KaggleRama,5831
2605,2017,6,2,Sweden,Kaggle Hat,KaggleRama,6661
2695,2017,7,2,Sweden,Kaggle Hat,KaggleRama,4894
2785,2017,8,2,Sweden,Kaggle Hat,KaggleRama,4311
2875,2017,9,2,Sweden,Kaggle Hat,KaggleRama,4065
2965,2017,10,2,Sweden,Kaggle Hat,KaggleRama,3839
3055,2017,11,2,Sweden,Kaggle Hat,KaggleRama,4536
3145,2017,12,2,Sweden,Kaggle Hat,KaggleRama,4693
3235,2018,1,2,Sweden,Kaggle Hat,KaggleRama,6316
3325,2018,2,2,Sweden,Kaggle Hat,KaggleRama,6037
3397,2018,3,2,Sweden,Kaggle Hat,KaggleRama,6104
3487,2018,4,2,Sweden,Kaggle Hat,KaggleRama,6740
3577,2018,5,2,Sweden,Kaggle Hat,KaggleRama,6427
3667,2018,6,2,Sweden,Kaggle Hat,KaggleRama,6383
3757,2018,7,2,Sweden,Kaggle Hat,KaggleRama,5118
3847,2018,8,2,Sweden,Kaggle Hat,KaggleRama,4509
3937,2018,9,2,Sweden,Kaggle Hat,KaggleRama,4023
4027,2018,10,2,Sweden,Kaggle Hat,KaggleRama,4061
4117,2018,11,2,Sweden,Kaggle Hat,KaggleRama,4352
4207,2018,12,2,Sweden,Kaggle Hat,KaggleRama,4686
