,year,month,week,country,product,store,num_sold
17,2015,1,1,Sweden,Kaggle Sticker,KaggleRama,1877
107,2015,2,1,Sweden,Kaggle Sticker,KaggleRama,1380
179,2015,3,1,Sweden,Kaggle Sticker,KaggleRama,1352
269,2015,4,1,Sweden,Kaggle Sticker,KaggleRama,1428
359,2015,5,1,Sweden,Kaggle Sticker,KaggleRama,1426
449,2015,6,1,Sweden,Kaggle Sticker,KaggleRama,1293
539,2015,7,1,Sweden,Kaggle Sticker,KaggleRama,1342
629,2015,8,1,Sweden,Kaggle Sticker,KaggleRama,1285
719,2015,9,1,Sweden,Kaggle Sticker,KaggleRama,1329
809,2015,10,1,Sweden,Kaggle Sticker,KaggleRama,1325
899,2015,11,1,Sweden,Kaggle Sticker,KaggleRama,1469
989,2015,12,1,Sweden,Kaggle Sticker,KaggleRama,1348
1079,2016,1,1,Sweden,Kaggle Sticker,KaggleRama,1932
1169,2016,2,1,Sweden,Kaggle Sticker,KaggleRama,1328
1259,2016,3,1,Sweden,Kaggle Sticker,KaggleRama,1334
1349,2016,4,1,Sweden,Kaggle Sticker,KaggleRama,1622
1439,2016,5,1,Sweden,Kaggle Sticker,KaggleRama,1440
1529,2016,6,1,Sweden,Kaggle Sticker,KaggleRama,1344
1619,2016,7,1,Sweden,Kaggle Sticker,KaggleRama,1379
1709,2016,8,1,Sweden,Kaggle Sticker,KaggleRama,1358
1799,2016,9,1,Sweden,Kaggle Sticker,KaggleRama,1373
1889,2016,10,1,Sweden,Kaggle Sticker,KaggleRama,1397
1979,2016,11,1,Sweden,Kaggle Sticker,KaggleRama,1394
2069,2016,12,1,Sweden,Kaggle Sticker,KaggleRama,1317
2159,2017,1,1,Sweden,Kaggle Sticker,KaggleRama,1949
2249,2017,2,1,Sweden,Kaggle Sticker,KaggleRama,1403
2321,2017,3,1,Sweden,Kaggle Sticker,KaggleRama,1402
2411,2017,4,1,Sweden,Kaggle Sticker,KaggleRama,1434
2501,2017,5,1,Sweden,Kaggle Sticker,KaggleRama,1522
2591,2017,6,1,Sweden,Kaggle Sticker,KaggleRama,1486
2681,2017,7,1,Sweden,Kaggle Sticker,KaggleRama,1489
2771,2017,8,1,Sweden,Kaggle Sticker,KaggleRama,1425
2861,2017,9,1,Sweden,Kaggle Sticker,KaggleRama,1431
2951,2017,10,1,Sweden,Kaggle Sticker,KaggleRama,1468
3041,2017,11,1,Sweden,Kaggle Sticker,KaggleRama,1498
3131,2017,12,1,Sweden,Kaggle Sticker,KaggleRama,1513
3221,2018,1,1,Sweden,Kaggle Sticker,KaggleRama,2053
3311,2018,2,1,Sweden,Kaggle Sticker,KaggleRama,1429
3383,2018,3,1,Sweden,Kaggle Sticker,KaggleRama,1464
3473,2018,4,1,Sweden,Kaggle Sticker,KaggleRama,1806
3563,2018,5,1,Sweden,Kaggle Sticker,KaggleRama,1644
3653,2018,6,1,Sweden,Kaggle Sticker,KaggleRama,1551
3743,2018,7,1,Sweden,Kaggle Sticker,KaggleRama,1462
3833,2018,8,1,Sweden,Kaggle Sticker,KaggleRama,1470
3923,2018,9,1,Sweden,Kaggle Sticker,KaggleRama,1481
4013,2018,10,1,Sweden,Kaggle Sticker,KaggleRama,1494
4103,2018,11,1,Sweden,Kaggle Sticker,KaggleRama,1489
4193,2018,12,1,Sweden,Kaggle Sticker,KaggleRama,1472
