,year,month,week,country,product,store,num_sold
39,2015,1,3,Finland,Kaggle Mug,KaggleRama,2427
129,2015,2,3,Finland,Kaggle Mug,KaggleRama,2423
201,2015,3,3,Finland,Kaggle Mug,KaggleRama,2303
291,2015,4,3,Finland,Kaggle Mug,KaggleRama,2031
381,2015,5,3,Finland,Kaggle Mug,KaggleRama,2124
471,2015,6,3,Finland,Kaggle Mug,KaggleRama,1847
561,2015,7,3,Finland,Kaggle Mug,KaggleRama,1877
651,2015,8,3,Finland,Kaggle Mug,KaggleRama,1952
741,2015,9,3,Finland,Kaggle Mug,KaggleRama,2104
831,2015,10,3,Finland,Kaggle Mug,KaggleRama,2262
921,2015,11,3,Finland,Kaggle Mug,KaggleRama,2377
1011,2015,12,3,Finland,Kaggle Mug,KaggleRama,2538
1101,2016,1,3,Finland,Kaggle Mug,KaggleRama,2605
1191,2016,2,3,Finland,Kaggle Mug,KaggleRama,2521
1281,2016,3,3,Finland,Kaggle Mug,KaggleRama,2265
1371,2016,4,3,Finland,Kaggle Mug,KaggleRama,2153
1461,2016,5,3,Finland,Kaggle Mug,KaggleRama,2101
1551,2016,6,3,Finland,Kaggle Mug,KaggleRama,1946
1641,2016,7,3,Finland,Kaggle Mug,KaggleRama,1965
1731,2016,8,3,Finland,Kaggle Mug,KaggleRama,1980
1821,2016,9,3,Finland,Kaggle Mug,KaggleRama,2148
1911,2016,10,3,Finland,Kaggle Mug,KaggleRama,2282
2001,2016,11,3,Finland,Kaggle Mug,KaggleRama,2520
2091,2016,12,3,Finland,Kaggle Mug,KaggleRama,2554
2181,2017,1,3,Finland,Kaggle Mug,KaggleRama,2816
2271,2017,2,3,Finland,Kaggle Mug,KaggleRama,2612
2343,2017,3,3,Finland,Kaggle Mug,KaggleRama,2466
2433,2017,4,3,Finland,Kaggle Mug,KaggleRama,2911
2523,2017,5,3,Finland,Kaggle Mug,KaggleRama,2119
2613,2017,6,3,Finland,Kaggle Mug,KaggleRama,2012
2703,2017,7,3,Finland,Kaggle Mug,KaggleRama,2112
2793,2017,8,3,Finland,Kaggle Mug,KaggleRama,2207
2883,2017,9,3,Finland,Kaggle Mug,KaggleRama,2369
2973,2017,10,3,Finland,Kaggle Mug,KaggleRama,2548
3063,2017,11,3,Finland,Kaggle Mug,KaggleRama,2852
3153,2017,12,3,Finland,Kaggle Mug,KaggleRama,2879
3243,2018,1,3,Finland,Kaggle Mug,KaggleRama,2987
3333,2018,2,3,Finland,Kaggle Mug,KaggleRama,2971
3405,2018,3,3,Finland,Kaggle Mug,KaggleRama,2772
3495,2018,4,3,Finland,Kaggle Mug,KaggleRama,2527
3585,2018,5,3,Finland,Kaggle Mug,KaggleRama,2574
3675,2018,6,3,Finland,Kaggle Mug,KaggleRama,2203
3765,2018,7,3,Finland,Kaggle Mug,KaggleRama,2253
3855,2018,8,3,Finland,Kaggle Mug,KaggleRama,2425
3945,2018,9,3,Finland,Kaggle Mug,KaggleRama,2585
4035,2018,10,3,Finland,Kaggle Mug,KaggleRama,2786
4125,2018,11,3,Finland,Kaggle Mug,KaggleRama,2894
4215,2018,12,3,Finland,Kaggle Mug,KaggleRama,3098
