,year,month,week,country,product,store,num_sold
30,2015,1,2,Sweden,Kaggle Hat,KaggleMart,2956
120,2015,2,2,Sweden,Kaggle Hat,KaggleMart,3027
192,2015,3,2,Sweden,Kaggle Hat,KaggleMart,3191
282,2015,4,2,Sweden,Kaggle Hat,KaggleMart,4147
372,2015,5,2,Sweden,Kaggle Hat,KaggleMart,3215
462,2015,6,2,Sweden,Kaggle Hat,KaggleMart,3173
552,2015,7,2,Sweden,Kaggle Hat,KaggleMart,2536
642,2015,8,2,Sweden,Kaggle Hat,KaggleMart,2295
732,2015,9,2,Sweden,Kaggle Hat,KaggleMart,2061
822,2015,10,2,Sweden,Kaggle Hat,KaggleMart,2050
912,2015,11,2,Sweden,Kaggle Hat,KaggleMart,2191
1002,2015,12,2,Sweden,Kaggle Hat,KaggleMart,2449
1092,2016,1,2,Sweden,Kaggle Hat,KaggleMart,3327
1182,2016,2,2,Sweden,Kaggle Hat,KaggleMart,3084
1272,2016,3,2,Sweden,Kaggle Hat,KaggleMart,3153
1362,2016,4,2,Sweden,Kaggle Hat,KaggleMart,3270
1452,2016,5,2,Sweden,Kaggle Hat,KaggleMart,3595
1542,2016,6,2,Sweden,Kaggle Hat,KaggleMart,3237
1632,2016,7,2,Sweden,Kaggle Hat,KaggleMart,2605
1722,2016,8,2,Sweden,Kaggle Hat,KaggleMart,2297
1812,2016,9,2,Sweden,Kaggle Hat,KaggleMart,2135
1902,2016,10,2,Sweden,Kaggle Hat,KaggleMart,2064
1992,2016,11,2,Sweden,Kaggle Hat,KaggleMart,2474
2082,2016,12,2,Sweden,Kaggle Hat,KaggleMart,2511
2172,2017,1,2,Sweden,Kaggle Hat,KaggleMart,3418
2262,2017,2,2,Sweden,Kaggle Hat,KaggleMart,3220
2334,2017,3,2,Sweden,Kaggle Hat,KaggleMart,3468
2424,2017,4,2,Sweden,Kaggle Hat,KaggleMart,3463
2514,2017,5,2,Sweden,Kaggle Hat,KaggleMart,3373
2604,2017,6,2,Sweden,Kaggle Hat,KaggleMart,3727
2694,2017,7,2,Sweden,Kaggle Hat,KaggleMart,2829
2784,2017,8,2,Sweden,Kaggle Hat,KaggleMart,2435
2874,2017,9,2,Sweden,Kaggle Hat,KaggleMart,2248
2964,2017,10,2,Sweden,Kaggle Hat,KaggleMart,2267
3054,2017,11,2,Sweden,Kaggle Hat,KaggleMart,2666
3144,2017,12,2,Sweden,Kaggle Hat,KaggleMart,2743
3234,2018,1,2,Sweden,Kaggle Hat,KaggleMart,3463
3324,2018,2,2,Sweden,Kaggle Hat,KaggleMart,3414
3396,2018,3,2,Sweden,Kaggle Hat,KaggleMart,3519
3486,2018,4,2,Sweden,Kaggle Hat,KaggleMart,3800
3576,2018,5,2,Sweden,Kaggle Hat,KaggleMart,3657
3666,2018,6,2,Sweden,Kaggle Hat,KaggleMart,3540
3756,2018,7,2,Sweden,Kaggle Hat,KaggleMart,2848
3846,2018,8,2,Sweden,Kaggle Hat,KaggleMart,2456
3936,2018,9,2,Sweden,Kaggle Hat,KaggleMart,2359
4026,2018,10,2,Sweden,Kaggle Hat,KaggleMart,2257
4116,2018,11,2,Sweden,Kaggle Hat,KaggleMart,2526
4206,2018,12,2,Sweden,Kaggle Hat,KaggleMart,2689
