,year,month,week,country,product,store,num_sold
22,2015,1,2,Finland,Kaggle Sticker,KaggleMart,688
112,2015,2,2,Finland,Kaggle Sticker,KaggleMart,617
184,2015,3,2,Finland,Kaggle Sticker,KaggleMart,637
274,2015,4,2,Finland,Kaggle Sticker,KaggleMart,801
364,2015,5,2,Finland,Kaggle Sticker,KaggleMart,639
454,2015,6,2,Finland,Kaggle Sticker,KaggleMart,619
544,2015,7,2,Finland,Kaggle Sticker,KaggleMart,641
634,2015,8,2,Finland,Kaggle Sticker,KaggleMart,622
724,2015,9,2,Finland,Kaggle Sticker,KaggleMart,631
814,2015,10,2,Finland,Kaggle Sticker,KaggleMart,623
904,2015,11,2,Finland,Kaggle Sticker,KaggleMart,636
994,2015,12,2,Finland,Kaggle Sticker,KaggleMart,670
1084,2016,1,2,Finland,Kaggle Sticker,KaggleMart,772
1174,2016,2,2,Finland,Kaggle Sticker,KaggleMart,642
1264,2016,3,2,Finland,Kaggle Sticker,KaggleMart,614
1354,2016,4,2,Finland,Kaggle Sticker,KaggleMart,665
1444,2016,5,2,Finland,Kaggle Sticker,KaggleMart,711
1534,2016,6,2,Finland,Kaggle Sticker,KaggleMart,648
1624,2016,7,2,Finland,Kaggle Sticker,KaggleMart,633
1714,2016,8,2,Finland,Kaggle Sticker,KaggleMart,663
1804,2016,9,2,Finland,Kaggle Sticker,KaggleMart,673
1894,2016,10,2,Finland,Kaggle Sticker,KaggleMart,655
1984,2016,11,2,Finland,Kaggle Sticker,KaggleMart,716
2074,2016,12,2,Finland,Kaggle Sticker,KaggleMart,710
2164,2017,1,2,Finland,Kaggle Sticker,KaggleMart,760
2254,2017,2,2,Finland,Kaggle Sticker,KaggleMart,719
2326,2017,3,2,Finland,Kaggle Sticker,KaggleMart,688
2416,2017,4,2,Finland,Kaggle Sticker,KaggleMart,680
2506,2017,5,2,Finland,Kaggle Sticker,KaggleMart,732
2596,2017,6,2,Finland,Kaggle Sticker,KaggleMart,735
2686,2017,7,2,Finland,Kaggle Sticker,KaggleMart,717
2776,2017,8,2,Finland,Kaggle Sticker,KaggleMart,745
2866,2017,9,2,Finland,Kaggle Sticker,KaggleMart,711
2956,2017,10,2,Finland,Kaggle Sticker,KaggleMart,698
3046,2017,11,2,Finland,Kaggle Sticker,KaggleMart,789
3136,2017,12,2,Finland,Kaggle Sticker,KaggleMart,822
3226,2018,1,2,Finland,Kaggle Sticker,KaggleMart,902
3316,2018,2,2,Finland,Kaggle Sticker,KaggleMart,774
3388,2018,3,2,Finland,Kaggle Sticker,KaggleMart,769
3478,2018,4,2,Finland,Kaggle Sticker,KaggleMart,819
3568,2018,5,2,Finland,Kaggle Sticker,KaggleMart,810
3658,2018,6,2,Finland,Kaggle Sticker,KaggleMart,799
3748,2018,7,2,Finland,Kaggle Sticker,KaggleMart,783
3838,2018,8,2,Finland,Kaggle Sticker,KaggleMart,772
3928,2018,9,2,Finland,Kaggle Sticker,KaggleMart,773
4018,2018,10,2,Finland,Kaggle Sticker,KaggleMart,786
4108,2018,11,2,Finland,Kaggle Sticker,KaggleMart,795
4198,2018,12,2,Finland,Kaggle Sticker,KaggleMart,813
