,year,month,week,country,product,store,num_sold
29,2015,1,2,Norway,Kaggle Sticker,KaggleRama,1891
119,2015,2,2,Norway,Kaggle Sticker,KaggleRama,1942
191,2015,3,2,Norway,Kaggle Sticker,KaggleRama,1889
281,2015,4,2,Norway,Kaggle Sticker,KaggleRama,2424
371,2015,5,2,Norway,Kaggle Sticker,KaggleRama,1928
461,2015,6,2,Norway,Kaggle Sticker,KaggleRama,1893
551,2015,7,2,Norway,Kaggle Sticker,KaggleRama,1998
641,2015,8,2,Norway,Kaggle Sticker,KaggleRama,1921
731,2015,9,2,Norway,Kaggle Sticker,KaggleRama,1894
821,2015,10,2,Norway,Kaggle Sticker,KaggleRama,1851
911,2015,11,2,Norway,Kaggle Sticker,KaggleRama,1918
1001,2015,12,2,Norway,Kaggle Sticker,KaggleRama,1902
1091,2016,1,2,Norway,Kaggle Sticker,KaggleRama,1860
1181,2016,2,2,Norway,Kaggle Sticker,KaggleRama,1856
1271,2016,3,2,Norway,Kaggle Sticker,KaggleRama,1776
1361,2016,4,2,Norway,Kaggle Sticker,KaggleRama,1851
1451,2016,5,2,Norway,Kaggle Sticker,KaggleRama,1964
1541,2016,6,2,Norway,Kaggle Sticker,KaggleRama,1849
1631,2016,7,2,Norway,Kaggle Sticker,KaggleRama,1876
1721,2016,8,2,Norway,Kaggle Sticker,KaggleRama,1843
1811,2016,9,2,Norway,Kaggle Sticker,KaggleRama,1784
1901,2016,10,2,Norway,Kaggle Sticker,KaggleRama,1886
1991,2016,11,2,Norway,Kaggle Sticker,KaggleRama,1855
2081,2016,12,2,Norway,Kaggle Sticker,KaggleRama,1839
2171,2017,1,2,Norway,Kaggle Sticker,KaggleRama,2120
2261,2017,2,2,Norway,Kaggle Sticker,KaggleRama,1898
2333,2017,3,2,Norway,Kaggle Sticker,KaggleRama,1971
2423,2017,4,2,Norway,Kaggle Sticker,KaggleRama,1931
2513,2017,5,2,Norway,Kaggle Sticker,KaggleRama,2035
2603,2017,6,2,Norway,Kaggle Sticker,KaggleRama,2356
2693,2017,7,2,Norway,Kaggle Sticker,KaggleRama,1998
2783,2017,8,2,Norway,Kaggle Sticker,KaggleRama,1986
2873,2017,9,2,Norway,Kaggle Sticker,KaggleRama,2025
2963,2017,10,2,Norway,Kaggle Sticker,KaggleRama,2035
3053,2017,11,2,Norway,Kaggle Sticker,KaggleRama,2057
3143,2017,12,2,Norway,Kaggle Sticker,KaggleRama,2070
3233,2018,1,2,Norway,Kaggle Sticker,KaggleRama,2272
3323,2018,2,2,Norway,Kaggle Sticker,KaggleRama,2197
3395,2018,3,2,Norway,Kaggle Sticker,KaggleRama,2305
3485,2018,4,2,Norway,Kaggle Sticker,KaggleRama,2352
3575,2018,5,2,Norway,Kaggle Sticker,KaggleRama,2435
3665,2018,6,2,Norway,Kaggle Sticker,KaggleRama,2158
3755,2018,7,2,Norway,Kaggle Sticker,KaggleRama,2237
3845,2018,8,2,Norway,Kaggle Sticker,KaggleRama,2291
3935,2018,9,2,Norway,Kaggle Sticker,KaggleRama,2176
4025,2018,10,2,Norway,Kaggle Sticker,KaggleRama,2256
4115,2018,11,2,Norway,Kaggle Sticker,KaggleRama,2214
4205,2018,12,2,Norway,Kaggle Sticker,KaggleRama,2055
