,year,month,week,country,product,store,num_sold
79,2015,1,5,Norway,Kaggle Hat,KaggleRama,3164
241,2015,3,5,Norway,Kaggle Hat,KaggleRama,3645
331,2015,4,5,Norway,Kaggle Hat,KaggleRama,2113
421,2015,5,5,Norway,Kaggle Hat,KaggleRama,4562
511,2015,6,5,Norway,Kaggle Hat,KaggleRama,1696
601,2015,7,5,Norway,Kaggle Hat,KaggleRama,2520
691,2015,8,5,Norway,Kaggle Hat,KaggleRama,2448
781,2015,9,5,Norway,Kaggle Hat,KaggleRama,1409
871,2015,10,5,Norway,Kaggle Hat,KaggleRama,2367
961,2015,11,5,Norway,Kaggle Hat,KaggleRama,1738
1051,2015,12,5,Norway,Kaggle Hat,KaggleRama,5846
1141,2016,1,5,Norway,Kaggle Hat,KaggleRama,3542
1231,2016,2,5,Norway,Kaggle Hat,KaggleRama,981
1321,2016,3,5,Norway,Kaggle Hat,KaggleRama,4407
1411,2016,4,5,Norway,Kaggle Hat,KaggleRama,2269
1501,2016,5,5,Norway,Kaggle Hat,KaggleRama,2956
1591,2016,6,5,Norway,Kaggle Hat,KaggleRama,1708
1681,2016,7,5,Norway,Kaggle Hat,KaggleRama,2721
1771,2016,8,5,Norway,Kaggle Hat,KaggleRama,2051
1861,2016,9,5,Norway,Kaggle Hat,KaggleRama,1279
1951,2016,10,5,Norway,Kaggle Hat,KaggleRama,2480
2041,2016,11,5,Norway,Kaggle Hat,KaggleRama,1540
2131,2016,12,5,Norway,Kaggle Hat,KaggleRama,6370
2221,2017,1,5,Norway,Kaggle Hat,KaggleRama,3092
2383,2017,3,5,Norway,Kaggle Hat,KaggleRama,3342
2473,2017,4,5,Norway,Kaggle Hat,KaggleRama,2793
2563,2017,5,5,Norway,Kaggle Hat,KaggleRama,3452
2653,2017,6,5,Norway,Kaggle Hat,KaggleRama,1940
2743,2017,7,5,Norway,Kaggle Hat,KaggleRama,2966
2833,2017,8,5,Norway,Kaggle Hat,KaggleRama,2222
2923,2017,9,5,Norway,Kaggle Hat,KaggleRama,1662
3013,2017,10,5,Norway,Kaggle Hat,KaggleRama,2415
3103,2017,11,5,Norway,Kaggle Hat,KaggleRama,1701
3193,2017,12,5,Norway,Kaggle Hat,KaggleRama,7505
3283,2018,1,5,Norway,Kaggle Hat,KaggleRama,3415
3445,2018,3,5,Norway,Kaggle Hat,KaggleRama,4362
3535,2018,4,5,Norway,Kaggle Hat,KaggleRama,2718
3625,2018,5,5,Norway,Kaggle Hat,KaggleRama,3559
3715,2018,6,5,Norway,Kaggle Hat,KaggleRama,2374
3805,2018,7,5,Norway,Kaggle Hat,KaggleRama,2992
3895,2018,8,5,Norway,Kaggle Hat,KaggleRama,2560
3985,2018,9,5,Norway,Kaggle Hat,KaggleRama,2088
4075,2018,10,5,Norway,Kaggle Hat,KaggleRama,2495
4165,2018,11,5,Norway,Kaggle Hat,KaggleRama,1828
4255,2018,12,5,Norway,Kaggle Hat,KaggleRama,7863
