,year,month,week,country,product,store,num_sold
43,2015,1,3,Norway,Kaggle Hat,KaggleRama,6968
133,2015,2,3,Norway,Kaggle Hat,KaggleRama,7614
205,2015,3,3,Norway,Kaggle Hat,KaggleRama,8237
295,2015,4,3,Norway,Kaggle Hat,KaggleRama,8046
385,2015,5,3,Norway,Kaggle Hat,KaggleRama,8748
475,2015,6,3,Norway,Kaggle Hat,KaggleRama,6879
565,2015,7,3,Norway,Kaggle Hat,KaggleRama,6323
655,2015,8,3,Norway,Kaggle Hat,KaggleRama,5508
745,2015,9,3,Norway,Kaggle Hat,KaggleRama,5181
835,2015,10,3,Norway,Kaggle Hat,KaggleRama,5166
925,2015,11,3,Norway,Kaggle Hat,KaggleRama,5695
1015,2015,12,3,Norway,Kaggle Hat,KaggleRama,6386
1105,2016,1,3,Norway,Kaggle Hat,KaggleRama,6908
1195,2016,2,3,Norway,Kaggle Hat,KaggleRama,7493
1285,2016,3,3,Norway,Kaggle Hat,KaggleRama,7902
1375,2016,4,3,Norway,Kaggle Hat,KaggleRama,7983
1465,2016,5,3,Norway,Kaggle Hat,KaggleRama,9052
1555,2016,6,3,Norway,Kaggle Hat,KaggleRama,6746
1645,2016,7,3,Norway,Kaggle Hat,KaggleRama,6013
1735,2016,8,3,Norway,Kaggle Hat,KaggleRama,5306
1825,2016,9,3,Norway,Kaggle Hat,KaggleRama,5086
1915,2016,10,3,Norway,Kaggle Hat,KaggleRama,5158
2005,2016,11,3,Norway,Kaggle Hat,KaggleRama,5376
2095,2016,12,3,Norway,Kaggle Hat,KaggleRama,6071
2185,2017,1,3,Norway,Kaggle Hat,KaggleRama,7448
2275,2017,2,3,Norway,Kaggle Hat,KaggleRama,8078
2347,2017,3,3,Norway,Kaggle Hat,KaggleRama,8362
2437,2017,4,3,Norway,Kaggle Hat,KaggleRama,11135
2527,2017,5,3,Norway,Kaggle Hat,KaggleRama,8361
2617,2017,6,3,Norway,Kaggle Hat,KaggleRama,7191
2707,2017,7,3,Norway,Kaggle Hat,KaggleRama,6688
2797,2017,8,3,Norway,Kaggle Hat,KaggleRama,6045
2887,2017,9,3,Norway,Kaggle Hat,KaggleRama,5664
2977,2017,10,3,Norway,Kaggle Hat,KaggleRama,5495
3067,2017,11,3,Norway,Kaggle Hat,KaggleRama,6024
3157,2017,12,3,Norway,Kaggle Hat,KaggleRama,6947
3247,2018,1,3,Norway,Kaggle Hat,KaggleRama,8121
3337,2018,2,3,Norway,Kaggle Hat,KaggleRama,9035
3409,2018,3,3,Norway,Kaggle Hat,KaggleRama,9332
3499,2018,4,3,Norway,Kaggle Hat,KaggleRama,9399
3589,2018,5,3,Norway,Kaggle Hat,KaggleRama,9996
3679,2018,6,3,Norway,Kaggle Hat,KaggleRama,8375
3769,2018,7,3,Norway,Kaggle Hat,KaggleRama,7360
3859,2018,8,3,Norway,Kaggle Hat,KaggleRama,6462
3949,2018,9,3,Norway,Kaggle Hat,KaggleRama,6120
4039,2018,10,3,Norway,Kaggle Hat,KaggleRama,6056
4129,2018,11,3,Norway,Kaggle Hat,KaggleRama,6395
4219,2018,12,3,Norway,Kaggle Hat,KaggleRama,7302
