,year,month,week,country,product,store,num_sold
27,2015,1,2,Norway,Kaggle Mug,KaggleRama,4075
117,2015,2,2,Norway,Kaggle Mug,KaggleRama,4139
189,2015,3,2,Norway,Kaggle Mug,KaggleRama,3889
279,2015,4,2,Norway,Kaggle Mug,KaggleRama,4663
369,2015,5,2,Norway,Kaggle Mug,KaggleRama,3522
459,2015,6,2,Norway,Kaggle Mug,KaggleRama,3179
549,2015,7,2,Norway,Kaggle Mug,KaggleRama,3187
639,2015,8,2,Norway,Kaggle Mug,KaggleRama,3386
729,2015,9,2,Norway,Kaggle Mug,KaggleRama,3604
819,2015,10,2,Norway,Kaggle Mug,KaggleRama,3768
909,2015,11,2,Norway,Kaggle Mug,KaggleRama,4075
999,2015,12,2,Norway,Kaggle Mug,KaggleRama,4260
1089,2016,1,2,Norway,Kaggle Mug,KaggleRama,4373
1179,2016,2,2,Norway,Kaggle Mug,KaggleRama,3827
1269,2016,3,2,Norway,Kaggle Mug,KaggleRama,3803
1359,2016,4,2,Norway,Kaggle Mug,KaggleRama,3569
1449,2016,5,2,Norway,Kaggle Mug,KaggleRama,3611
1539,2016,6,2,Norway,Kaggle Mug,KaggleRama,3234
1629,2016,7,2,Norway,Kaggle Mug,KaggleRama,3140
1719,2016,8,2,Norway,Kaggle Mug,KaggleRama,3172
1809,2016,9,2,Norway,Kaggle Mug,KaggleRama,3449
1899,2016,10,2,Norway,Kaggle Mug,KaggleRama,3691
1989,2016,11,2,Norway,Kaggle Mug,KaggleRama,4061
2079,2016,12,2,Norway,Kaggle Mug,KaggleRama,4016
2169,2017,1,2,Norway,Kaggle Mug,KaggleRama,4360
2259,2017,2,2,Norway,Kaggle Mug,KaggleRama,4323
2331,2017,3,2,Norway,Kaggle Mug,KaggleRama,4233
2421,2017,4,2,Norway,Kaggle Mug,KaggleRama,3880
2511,2017,5,2,Norway,Kaggle Mug,KaggleRama,3593
2601,2017,6,2,Norway,Kaggle Mug,KaggleRama,3886
2691,2017,7,2,Norway,Kaggle Mug,KaggleRama,3370
2781,2017,8,2,Norway,Kaggle Mug,KaggleRama,3594
2871,2017,9,2,Norway,Kaggle Mug,KaggleRama,3843
2961,2017,10,2,Norway,Kaggle Mug,KaggleRama,4105
3051,2017,11,2,Norway,Kaggle Mug,KaggleRama,4458
3141,2017,12,2,Norway,Kaggle Mug,KaggleRama,4641
3231,2018,1,2,Norway,Kaggle Mug,KaggleRama,5031
3321,2018,2,2,Norway,Kaggle Mug,KaggleRama,4883
3393,2018,3,2,Norway,Kaggle Mug,KaggleRama,4535
3483,2018,4,2,Norway,Kaggle Mug,KaggleRama,4434
3573,2018,5,2,Norway,Kaggle Mug,KaggleRama,4264
3663,2018,6,2,Norway,Kaggle Mug,KaggleRama,3751
3753,2018,7,2,Norway,Kaggle Mug,KaggleRama,3583
3843,2018,8,2,Norway,Kaggle Mug,KaggleRama,3926
3933,2018,9,2,Norway,Kaggle Mug,KaggleRama,4236
4023,2018,10,2,Norway,Kaggle Mug,KaggleRama,4593
4113,2018,11,2,Norway,Kaggle Mug,KaggleRama,4706
4203,2018,12,2,Norway,Kaggle Mug,KaggleRama,4926
