,year,month,week,country,product,store,num_sold
18,2015,1,2,Finland,Kaggle Hat,KaggleMart,2568
108,2015,2,2,Finland,Kaggle Hat,KaggleMart,2564
180,2015,3,2,Finland,Kaggle Hat,KaggleMart,2659
270,2015,4,2,Finland,Kaggle Hat,KaggleMart,3272
360,2015,5,2,Finland,Kaggle Hat,KaggleMart,2696
450,2015,6,2,Finland,Kaggle Hat,KaggleMart,2397
540,2015,7,2,Finland,Kaggle Hat,KaggleMart,2103
630,2015,8,2,Finland,Kaggle Hat,KaggleMart,1929
720,2015,9,2,Finland,Kaggle Hat,KaggleMart,1687
810,2015,10,2,Finland,Kaggle Hat,KaggleMart,1684
900,2015,11,2,Finland,Kaggle Hat,KaggleMart,1825
990,2015,12,2,Finland,Kaggle Hat,KaggleMart,2293
1080,2016,1,2,Finland,Kaggle Hat,KaggleMart,2723
1170,2016,2,2,Finland,Kaggle Hat,KaggleMart,2544
1260,2016,3,2,Finland,Kaggle Hat,KaggleMart,2711
1350,2016,4,2,Finland,Kaggle Hat,KaggleMart,2823
1440,2016,5,2,Finland,Kaggle Hat,KaggleMart,2917
1530,2016,6,2,Finland,Kaggle Hat,KaggleMart,2478
1620,2016,7,2,Finland,Kaggle Hat,KaggleMart,2183
1710,2016,8,2,Finland,Kaggle Hat,KaggleMart,2013
1800,2016,9,2,Finland,Kaggle Hat,KaggleMart,1755
1890,2016,10,2,Finland,Kaggle Hat,KaggleMart,1763
1980,2016,11,2,Finland,Kaggle Hat,KaggleMart,2113
2070,2016,12,2,Finland,Kaggle Hat,KaggleMart,2306
2160,2017,1,2,Finland,Kaggle Hat,KaggleMart,2863
2250,2017,2,2,Finland,Kaggle Hat,KaggleMart,2794
2322,2017,3,2,Finland,Kaggle Hat,KaggleMart,2963
2412,2017,4,2,Finland,Kaggle Hat,KaggleMart,2952
2502,2017,5,2,Finland,Kaggle Hat,KaggleMart,2827
2592,2017,6,2,Finland,Kaggle Hat,KaggleMart,2877
2682,2017,7,2,Finland,Kaggle Hat,KaggleMart,2461
2772,2017,8,2,Finland,Kaggle Hat,KaggleMart,2144
2862,2017,9,2,Finland,Kaggle Hat,KaggleMart,1989
2952,2017,10,2,Finland,Kaggle Hat,KaggleMart,1913
3042,2017,11,2,Finland,Kaggle Hat,KaggleMart,2305
3132,2017,12,2,Finland,Kaggle Hat,KaggleMart,2664
3222,2018,1,2,Finland,Kaggle Hat,KaggleMart,3162
3312,2018,2,2,Finland,Kaggle Hat,KaggleMart,3065
3384,2018,3,2,Finland,Kaggle Hat,KaggleMart,3223
3474,2018,4,2,Finland,Kaggle Hat,KaggleMart,3458
3564,2018,5,2,Finland,Kaggle Hat,KaggleMart,3469
3654,2018,6,2,Finland,Kaggle Hat,KaggleMart,2900
3744,2018,7,2,Finland,Kaggle Hat,KaggleMart,2572
3834,2018,8,2,Finland,Kaggle Hat,KaggleMart,2381
3924,2018,9,2,Finland,Kaggle Hat,KaggleMart,2130
4014,2018,10,2,Finland,Kaggle Hat,KaggleMart,2127
4104,2018,11,2,Finland,Kaggle Hat,KaggleMart,2419
4194,2018,12,2,Finland,Kaggle Hat,KaggleMart,2846
