,year,month,week,country,product,store,num_sold
76,2015,1,5,Finland,Kaggle Sticker,KaggleMart,266
238,2015,3,5,Finland,Kaggle Sticker,KaggleMart,274
328,2015,4,5,Finland,Kaggle Sticker,KaggleMart,165
418,2015,5,5,Finland,Kaggle Sticker,KaggleMart,312
508,2015,6,5,Finland,Kaggle Sticker,KaggleMart,170
598,2015,7,5,Finland,Kaggle Sticker,KaggleMart,262
688,2015,8,5,Finland,Kaggle Sticker,KaggleMart,291
778,2015,9,5,Finland,Kaggle Sticker,KaggleMart,165
868,2015,10,5,Finland,Kaggle Sticker,KaggleMart,271
958,2015,11,5,Finland,Kaggle Sticker,KaggleMart,199
1048,2015,12,5,Finland,Kaggle Sticker,KaggleMart,615
1138,2016,1,5,Finland,Kaggle Sticker,KaggleMart,306
1228,2016,2,5,Finland,Kaggle Sticker,KaggleMart,85
1318,2016,3,5,Finland,Kaggle Sticker,KaggleMart,350
1408,2016,4,5,Finland,Kaggle Sticker,KaggleMart,194
1498,2016,5,5,Finland,Kaggle Sticker,KaggleMart,290
1588,2016,6,5,Finland,Kaggle Sticker,KaggleMart,221
1678,2016,7,5,Finland,Kaggle Sticker,KaggleMart,311
1768,2016,8,5,Finland,Kaggle Sticker,KaggleMart,244
1858,2016,9,5,Finland,Kaggle Sticker,KaggleMart,180
1948,2016,10,5,Finland,Kaggle Sticker,KaggleMart,313
2038,2016,11,5,Finland,Kaggle Sticker,KaggleMart,167
2128,2016,12,5,Finland,Kaggle Sticker,KaggleMart,656
2218,2017,1,5,Finland,Kaggle Sticker,KaggleMart,290
2380,2017,3,5,Finland,Kaggle Sticker,KaggleMart,278
2470,2017,4,5,Finland,Kaggle Sticker,KaggleMart,240
2560,2017,5,5,Finland,Kaggle Sticker,KaggleMart,326
2650,2017,6,5,Finland,Kaggle Sticker,KaggleMart,244
2740,2017,7,5,Finland,Kaggle Sticker,KaggleMart,322
2830,2017,8,5,Finland,Kaggle Sticker,KaggleMart,284
2920,2017,9,5,Finland,Kaggle Sticker,KaggleMart,205
3010,2017,10,5,Finland,Kaggle Sticker,KaggleMart,313
3100,2017,11,5,Finland,Kaggle Sticker,KaggleMart,188
3190,2017,12,5,Finland,Kaggle Sticker,KaggleMart,793
3280,2018,1,5,Finland,Kaggle Sticker,KaggleMart,296
3442,2018,3,5,Finland,Kaggle Sticker,KaggleMart,347
3532,2018,4,5,Finland,Kaggle Sticker,KaggleMart,226
3622,2018,5,5,Finland,Kaggle Sticker,KaggleMart,328
3712,2018,6,5,Finland,Kaggle Sticker,KaggleMart,288
3802,2018,7,5,Finland,Kaggle Sticker,KaggleMart,339
3892,2018,8,5,Finland,Kaggle Sticker,KaggleMart,313
3982,2018,9,5,Finland,Kaggle Sticker,KaggleMart,261
4072,2018,10,5,Finland,Kaggle Sticker,KaggleMart,297
4162,2018,11,5,Finland,Kaggle Sticker,KaggleMart,199
4252,2018,12,5,Finland,Kaggle Sticker,KaggleMart,860
