,year,month,week,country,product,store,num_sold
68,2015,1,4,Sweden,Kaggle Mug,KaggleMart,1647
158,2015,2,4,Sweden,Kaggle Mug,KaggleMart,1647
230,2015,3,4,Sweden,Kaggle Mug,KaggleMart,1569
320,2015,4,4,Sweden,Kaggle Mug,KaggleMart,1340
410,2015,5,4,Sweden,Kaggle Mug,KaggleMart,1397
500,2015,6,4,Sweden,Kaggle Mug,KaggleMart,1547
590,2015,7,4,Sweden,Kaggle Mug,KaggleMart,1295
680,2015,8,4,Sweden,Kaggle Mug,KaggleMart,1361
770,2015,9,4,Sweden,Kaggle Mug,KaggleMart,1445
860,2015,10,4,Sweden,Kaggle Mug,KaggleMart,1578
950,2015,11,4,Sweden,Kaggle Mug,KaggleMart,1639
1040,2015,12,4,Sweden,Kaggle Mug,KaggleMart,2314
1130,2016,1,4,Sweden,Kaggle Mug,KaggleMart,1703
1220,2016,2,4,Sweden,Kaggle Mug,KaggleMart,1673
1310,2016,3,4,Sweden,Kaggle Mug,KaggleMart,1555
1400,2016,4,4,Sweden,Kaggle Mug,KaggleMart,1468
1490,2016,5,4,Sweden,Kaggle Mug,KaggleMart,1311
1580,2016,6,4,Sweden,Kaggle Mug,KaggleMart,1388
1670,2016,7,4,Sweden,Kaggle Mug,KaggleMart,1320
1760,2016,8,4,Sweden,Kaggle Mug,KaggleMart,1417
1850,2016,9,4,Sweden,Kaggle Mug,KaggleMart,1476
1940,2016,10,4,Sweden,Kaggle Mug,KaggleMart,1639
2030,2016,11,4,Sweden,Kaggle Mug,KaggleMart,1738
2120,2016,12,4,Sweden,Kaggle Mug,KaggleMart,2323
2210,2017,1,4,Sweden,Kaggle Mug,KaggleMart,1799
2300,2017,2,4,Sweden,Kaggle Mug,KaggleMart,1722
2372,2017,3,4,Sweden,Kaggle Mug,KaggleMart,1608
2462,2017,4,4,Sweden,Kaggle Mug,KaggleMart,1661
2552,2017,5,4,Sweden,Kaggle Mug,KaggleMart,1469
2642,2017,6,4,Sweden,Kaggle Mug,KaggleMart,1556
2732,2017,7,4,Sweden,Kaggle Mug,KaggleMart,1378
2822,2017,8,4,Sweden,Kaggle Mug,KaggleMart,1524
2912,2017,9,4,Sweden,Kaggle Mug,KaggleMart,1588
3002,2017,10,4,Sweden,Kaggle Mug,KaggleMart,1756
3092,2017,11,4,Sweden,Kaggle Mug,KaggleMart,1871
3182,2017,12,4,Sweden,Kaggle Mug,KaggleMart,2598
3272,2018,1,4,Sweden,Kaggle Mug,KaggleMart,1864
3362,2018,2,4,Sweden,Kaggle Mug,KaggleMart,1805
3434,2018,3,4,Sweden,Kaggle Mug,KaggleMart,1699
3524,2018,4,4,Sweden,Kaggle Mug,KaggleMart,1579
3614,2018,5,4,Sweden,Kaggle Mug,KaggleMart,1594
3704,2018,6,4,Sweden,Kaggle Mug,KaggleMart,1667
3794,2018,7,4,Sweden,Kaggle Mug,KaggleMart,1438
3884,2018,8,4,Sweden,Kaggle Mug,KaggleMart,1488
3974,2018,9,4,Sweden,Kaggle Mug,KaggleMart,1665
4064,2018,10,4,Sweden,Kaggle Mug,KaggleMart,1762
4154,2018,11,4,Sweden,Kaggle Mug,KaggleMart,1815
4244,2018,12,4,Sweden,Kaggle Mug,KaggleMart,2449
